date,brand,close_price
2021-08-09,Nike,158.058349609375
2021-08-16,Nike,154.46798706054688
2021-08-23,Nike,154.52928161621094
2021-08-30,Nike,150.57337951660156
2021-09-06,Nike,150.84999084472656
2021-09-13,Nike,144.2384033203125
2021-09-20,Nike,137.94027709960938
2021-09-27,Nike,135.60731506347656
2021-10-04,Nike,140.605224609375
2021-10-11,Nike,145.70455932617188
2021-10-18,Nike,150.7485809326172
2021-10-25,Nike,154.26185607910156
2021-11-01,Nike,163.68597412109375
2021-11-08,Nike,155.9216766357422
2021-11-15,Nike,161.26075744628906
2021-11-22,Nike,154.93502807617188
2021-11-29,Nike,157.2642364501953
2021-12-06,Nike,156.17420959472656
2021-12-13,Nike,149.0610809326172
2021-12-20,Nike,153.0426025390625
2021-12-27,Nike,153.9663848876953
2022-01-03,Nike,145.0057373046875
2022-01-10,Nike,136.8856658935547
2022-01-17,Nike,132.05435180664062
2022-01-24,Nike,134.78866577148438
2022-01-31,Nike,134.30833435058594
2022-02-07,Nike,129.4954071044922
2022-02-14,Nike,132.05435180664062
2022-02-21,Nike,128.22061157226562
2022-02-28,Nike,121.45793151855469
2022-03-07,Nike,113.5416030883789
2022-03-14,Nike,121.51350402832031
2022-03-21,Nike,123.79118347167969
2022-03-28,Nike,123.6245346069336
2022-04-04,Nike,118.65251159667969
2022-04-11,Nike,123.56900787353516
2022-04-18,Nike,119.50431823730469
2022-04-25,Nike,115.45818328857422
2022-05-02,Nike,106.00486755371094
2022-05-09,Nike,104.63457489013672
2022-05-16,Nike,99.99588012695312
2022-05-23,Nike,107.39371490478516
2022-05-30,Nike,112.26355743408203
2022-06-06,Nike,106.49028015136719
2022-06-13,Nike,99.63102722167969
2022-06-20,Nike,104.8010025024414
2022-06-27,Nike,93.91342163085938
2022-07-04,Nike,100.17864227294922
2022-07-11,Nike,97.18061065673828
2022-07-18,Nike,101.28319549560547
2022-07-25,Nike,106.66663360595703
2022-08-01,Nike,105.69206237792969
2022-08-08,Nike,107.73405456542969
2022-08-15,Nike,105.03303527832031
2022-08-22,Nike,100.50350952148438
2022-08-29,Nike,98.42781829833984
2022-09-05,Nike,103.2961654663086
2022-09-12,Nike,96.91985321044922
2022-09-19,Nike,90.31083679199219
2022-09-26,Nike,77.37207794189453
2022-10-03,Nike,81.13268280029297
2022-10-10,Nike,81.49571990966797
2022-10-17,Nike,82.3800277709961
2022-10-24,Nike,87.3414535522461
2022-10-31,Nike,89.1658935546875
2022-11-07,Nike,98.75363159179688
2022-11-14,Nike,98.12995910644531
2022-11-21,Nike,98.63262176513672
2022-11-28,Nike,104.7616958618164
2022-12-05,Nike,102.16598510742188
2022-12-12,Nike,98.926025390625
2022-12-19,Nike,108.5431900024414
2022-12-26,Nike,109.25281524658203
2023-01-02,Nike,116.2742691040039
2023-01-09,Nike,120.30787658691406
2023-01-16,Nike,118.2257080078125
2023-01-23,Nike,119.07538604736328
2023-01-30,Nike,119.15008544921875
2023-02-06,Nike,114.12675476074219
2023-02-13,Nike,116.56370544433594
2023-02-20,Nike,110.21452331542969
2023-02-27,Nike,113.24425506591797
2023-03-06,Nike,110.01377868652344
2023-03-13,Nike,112.729248046875
2023-03-20,Nike,113.02889251708984
2023-03-27,Nike,114.83605194091797
2023-04-03,Nike,112.570068359375
2023-04-10,Nike,117.93545532226562
2023-04-17,Nike,117.54218292236328
2023-04-24,Nike,118.65645599365234
2023-05-01,Nike,118.53470611572266
2023-05-08,Nike,112.56069946289062
2023-05-15,Nike,107.45751190185547
2023-05-22,Nike,100.66883087158203
2023-05-29,Nike,101.25386047363281
2023-06-05,Nike,99.45011138916016
2023-06-12,Nike,106.71205139160156
2023-06-19,Nike,102.88850402832031
2023-06-26,Nike,103.68704986572266
2023-07-03,Nike,98.13487243652344
2023-07-10,Nike,101.41355895996094
2023-07-17,Nike,102.45635223388672
2023-07-24,Nike,102.0429916381836
2023-07-31,Nike,102.22148132324219
2023-08-07,Nike,101.54508209228516
2023-08-14,Nike,98.46367645263672
2023-08-21,Nike,92.85517883300781
2023-08-28,Nike,96.48456573486328
2023-09-04,Nike,92.06378936767578
2023-09-11,Nike,90.73472595214844
2023-09-18,Nike,85.63525390625
2023-09-25,Nike,90.13145446777344
2023-10-02,Nike,91.53592681884766
2023-10-09,Nike,94.17520904541016
2023-10-16,Nike,96.77679443359375
2023-10-23,Nike,92.35599517822266
2023-10-30,Nike,100.91481018066406
2023-11-06,Nike,100.01934051513672
2023-11-13,Nike,99.87794494628906
2023-11-20,Nike,101.46150970458984
2023-11-27,Nike,107.32642364501953
2023-12-04,Nike,109.62466430664062
2023-12-11,Nike,114.95881652832031
2023-12-18,Nike,102.18141174316406
2023-12-25,Nike,102.68267822265625
2024-01-01,Nike,96.54459381103516
2024-01-08,Nike,99.36299896240234
2024-01-15,Nike,96.26087951660156
2024-01-22,Nike,97.17826080322266
2024-01-29,Nike,95.2488784790039
2024-02-05,Nike,98.83336639404297
2024-02-12,Nike,97.89704895019531
2024-02-19,Nike,99.90209197998047
2024-02-26,Nike,96.69969177246094
2024-03-04,Nike,94.11799621582031
2024-03-11,Nike,94.57360076904297
2024-03-18,Nike,89.08748626708984
2024-03-25,Nike,89.20138549804688
2024-04-01,Nike,84.32274627685547
2024-04-08,Nike,87.32205963134766
2024-04-15,Nike,89.72341918945312
2024-04-22,Nike,89.33427429199219
2024-04-29,Nike,87.46443939208984
2024-05-06,Nike,86.31597137451172
2024-05-13,Nike,87.49291229248047
2024-05-20,Nike,87.08477783203125
2024-05-27,Nike,90.21699523925781
2024-06-03,Nike,91.99884033203125
2024-06-10,Nike,88.98779296875
2024-06-17,Nike,92.59913635253906
2024-06-24,Nike,71.81721496582031
2024-07-01,Nike,71.8743896484375
2024-07-08,Nike,69.9591293334961
2024-07-15,Nike,69.2730712890625
2024-07-22,Nike,69.1396713256836
2024-07-29,Nike,70.52133178710938
2024-08-05,Nike,70.83575439453125
2024-08-12,Nike,79.30672454833984
2024-08-19,Nike,80.08806610107422
2024-08-26,Nike,79.39246368408203
2024-09-02,Nike,77.17196655273438
2024-09-09,Nike,75.62145233154297
2024-09-16,Nike,82.80935668945312
2024-09-23,Nike,85.6041259765625
2024-09-30,Nike,78.72248840332031
2024-10-07,Nike,78.62678527832031
2024-10-14,Nike,79.36375427246094
2024-10-21,Nike,75.46830749511719
2024-10-28,Nike,74.71218872070312
2024-11-04,Nike,72.62568664550781
2024-11-11,Nike,73.37224578857422
2024-11-18,Nike,74.08049011230469
2024-11-25,Nike,75.39173126220703
2024-12-02,Nike,75.89197540283203
2024-12-09,Nike,74.3143081665039
2024-12-16,Nike,74.01608276367188
2024-12-23,Nike,73.51583862304688
2024-12-30,Nike,70.5240249633789
2025-01-06,Nike,68.49420928955078
2025-01-13,Nike,68.14789581298828
2025-01-20,Nike,70.7741470336914
2025-01-27,Nike,73.97760009765625
2025-02-03,Nike,66.06997680664062
2025-02-10,Nike,70.26428985595703
2025-02-17,Nike,73.59281158447266
2025-02-24,Nike,76.41146087646484
2025-03-03,Nike,75.98603057861328
2025-03-10,Nike,69.28565979003906
2025-03-17,Nike,65.68890380859375
2025-03-24,Nike,61.1929817199707
2025-03-31,Nike,55.35310363769531
2025-04-07,Nike,52.58786392211914
2025-04-14,Nike,53.912471771240234
2025-04-21,Nike,55.710845947265625
2025-04-28,Nike,56.64870834350586
2025-05-05,Nike,56.368316650390625
2025-05-12,Nike,61.018943786621094
2025-05-19,Nike,58.03133010864258
2025-05-26,Nike,58.58243942260742
2025-06-02,Nike,61.12273025512695
2025-06-09,Nike,58.91335678100586
2025-06-16,Nike,58.1931266784668
2025-06-23,Nike,70.1159439086914
2025-06-30,Nike,74.34976196289062
2025-07-07,Nike,70.690185546875
2025-07-14,Nike,70.53446197509766
2025-07-21,Nike,74.23297119140625
2025-07-28,Nike,72.62704467773438
2025-08-04,Nike,72.20853424072266
2025-08-11,Nike,74.91427612304688
2025-08-18,Nike,76.28661346435547
2025-08-25,Nike,75.30359649658203
2025-09-01,Nike,72.30984497070312
2025-09-08,Nike,71.41954040527344
2025-09-15,Nike,69.35523223876953
2025-09-22,Nike,67.80943298339844
2025-09-29,Nike,70.37271118164062
2025-10-06,Nike,63.807987213134766
2025-10-13,Nike,65.91143035888672
2025-10-20,Nike,67.61376953125
2025-10-27,Nike,63.191619873046875
2025-11-03,Nike,59.76739501953125
2025-11-10,Nike,62.78071212768555
2025-11-17,Nike,61.44037628173828
2025-11-24,Nike,63.23075866699219
2025-12-01,Nike,64.84549713134766
2025-12-08,Nike,66.43069458007812
2025-12-15,Nike,57.805633544921875
2025-12-22,Nike,59.99143600463867
2025-12-29,Nike,62.30523681640625
2026-01-05,Nike,64.9045639038086
2026-01-12,Nike,63.38829040527344
2026-01-19,Nike,64.03812408447266
2026-01-26,Nike,60.857879638671875
2026-02-02,Nike,62.93537521362305
2026-02-09,Nike,62.15755081176758
2026-02-16,Nike,64.39258575439453
2026-02-23,Nike,61.2221794128418
2026-03-02,Nike,56.50439453125
2026-03-09,Nike,53.50126647949219
2026-03-16,Nike,51.90554428100586
2026-03-23,Nike,50.91441345214844
2026-03-30,Nike,43.798091888427734
2026-04-06,Nike,42.24201583862305
2026-04-13,Nike,45.62177276611328
2026-04-20,Nike,44.29365539550781
2026-04-27,Nike,44.00623321533203
2026-05-04,Nike,43.74853515625
2026-05-11,Nike,41.50857925415039
2026-05-18,Nike,44.273834228515625
2026-05-25,Nike,45.81999969482422
2026-06-01,Nike,42.97999954223633
2026-06-08,Nike,44.93000030517578
2026-06-15,Nike,45.20000076293945
2026-06-22,Nike,40.75
2026-06-29,Nike,44.09000015258789
2026-07-06,Nike,44.369998931884766
2026-07-13,Nike,43.7599983215332
2026-07-20,Nike,41.70000076293945
2026-07-27,Nike,41.709999084472656
2026-08-03,Nike,41.70000076293945
2026-08-10,Nike,42.11000061035156
2021-08-09,LVMH,644.2490844726562
2021-08-16,LVMH,562.7421875
2021-08-23,LVMH,565.555908203125
2021-08-30,LVMH,576.26611328125
2021-09-06,LVMH,602.224853515625
2021-09-13,LVMH,572.726318359375
2021-09-20,LVMH,583.52734375
2021-09-27,LVMH,571.8186645507812
2021-10-04,LVMH,569.7311401367188
2021-10-11,LVMH,603.4048461914062
2021-10-18,LVMH,605.6738891601562
2021-10-25,LVMH,614.65966796875
2021-11-01,LVMH,643.4320678710938
2021-11-08,LVMH,656.1392211914062
2021-11-15,LVMH,665.7603149414062
2021-11-22,LVMH,628.0928344726562
2021-11-29,LVMH,624.4261474609375
2021-12-06,LVMH,647.2154541015625
2021-12-13,LVMH,637.1881103515625
2021-12-20,LVMH,653.9611206054688
2021-12-27,LVMH,662.7122192382812
2022-01-03,LVMH,652.5025634765625
2022-01-10,LVMH,615.6751708984375
2022-01-17,LVMH,635.5474853515625
2022-01-24,LVMH,653.0494995117188
2022-01-31,LVMH,643.6603393554688
2022-02-07,LVMH,624.4261474609375
2022-02-14,LVMH,625.6112060546875
2022-02-21,LVMH,607.6532592773438
2022-02-28,LVMH,526.705810546875
2022-03-07,LVMH,542.293701171875
2022-03-14,LVMH,582.8585205078125
2022-03-21,LVMH,570.6435546875
2022-03-28,LVMH,592.1566162109375
2022-04-04,LVMH,575.8394165039062
2022-04-11,LVMH,583.4054565429688
2022-04-18,LVMH,583.0408325195312
2022-04-25,LVMH,571.213623046875
2022-05-02,LVMH,518.103271484375
2022-05-09,LVMH,535.9910278320312
2022-05-16,LVMH,513.2161865234375
2022-05-23,LVMH,547.1480102539062
2022-05-30,LVMH,561.6242065429688
2022-06-06,LVMH,528.2457275390625
2022-06-13,LVMH,502.2437744140625
2022-06-20,LVMH,541.6156616210938
2022-06-27,LVMH,534.7923583984375
2022-07-04,LVMH,559.5956420898438
2022-07-11,LVMH,560.9788208007812
2022-07-18,LVMH,585.2288208007812
2022-07-25,LVMH,622.3876342773438
2022-08-01,LVMH,629.0264892578125
2022-08-08,LVMH,640.3677978515625
2022-08-15,LVMH,643.8715209960938
2022-08-22,LVMH,616.8554077148438
2022-08-29,LVMH,594.357177734375
2022-09-05,LVMH,601.4569091796875
2022-09-12,LVMH,589.6546020507812
2022-09-19,LVMH,556.1840209960938
2022-09-26,LVMH,562.8228759765625
2022-10-03,LVMH,570.014892578125
2022-10-10,LVMH,576.4692993164062
2022-10-17,LVMH,582.2781982421875
2022-10-24,LVMH,598.6908569335938
2022-10-31,LVMH,614.2736206054688
2022-11-07,LVMH,651.15576171875
2022-11-14,LVMH,643.7794189453125
2022-11-21,LVMH,645.62353515625
2022-11-28,LVMH,664.0497436523438
2022-12-05,LVMH,668.6915283203125
2022-12-12,LVMH,644.0902099609375
2022-12-19,LVMH,625.5231323242188
2022-12-26,LVMH,631.1861572265625
2023-01-02,LVMH,695.1495361328125
2023-01-09,LVMH,729.0343017578125
2023-01-16,LVMH,726.7135620117188
2023-01-23,LVMH,743.6094970703125
2023-01-30,LVMH,769.9747314453125
2023-02-06,LVMH,740.4530639648438
2023-02-13,LVMH,759.7626953125
2023-02-20,LVMH,721.6076049804688
2023-02-27,LVMH,756.69921875
2023-03-06,LVMH,745.0948486328125
2023-03-13,LVMH,730.8909912109375
2023-03-20,LVMH,755.1210327148438
2023-03-27,LVMH,783.8999633789062
2023-04-03,LVMH,769.6961669921875
2023-04-10,LVMH,828.8322143554688
2023-04-17,LVMH,836.5374145507812
2023-04-24,LVMH,814.918212890625
2023-05-01,LVMH,820.4383544921875
2023-05-08,LVMH,828.3911743164062
2023-05-15,LVMH,818.0057983398438
2023-05-22,LVMH,789.1889038085938
2023-05-29,LVMH,777.4003295898438
2023-06-05,LVMH,767.2020263671875
2023-06-12,LVMH,812.6728515625
2023-06-19,LVMH,776.6517944335938
2023-06-26,LVMH,807.4334716796875
2023-07-03,LVMH,772.25439453125
2023-07-10,LVMH,834.8467407226562
2023-07-17,LVMH,812.0178833007812
2023-07-24,LVMH,787.0370483398438
2023-07-31,LVMH,763.4595947265625
2023-08-07,LVMH,767.5763549804688
2023-08-14,LVMH,726.877197265625
2023-08-21,LVMH,734.736328125
2023-08-28,LVMH,725.8479614257812
2023-09-04,LVMH,692.3530883789062
2023-09-11,LVMH,712.18798828125
2023-09-18,LVMH,685.1488647460938
2023-09-25,LVMH,670.2725830078125
2023-10-02,LVMH,682.71630859375
2023-10-09,LVMH,618.0654907226562
2023-10-16,LVMH,621.2465209960938
2023-10-23,LVMH,618.8139038085938
2023-10-30,LVMH,657.5482788085938
2023-11-06,LVMH,642.8590698242188
2023-11-13,LVMH,665.78173828125
2023-11-20,LVMH,661.3843383789062
2023-11-27,LVMH,654.18017578125
2023-12-04,LVMH,696.99365234375
2023-12-11,LVMH,705.7638549804688
2023-12-18,LVMH,695.6734619140625
2023-12-25,LVMH,691.8069458007812
2024-01-01,LVMH,649.6536865234375
2024-01-08,LVMH,631.7360229492188
2024-01-15,LVMH,621.8341674804688
2024-01-22,LVMH,729.0567626953125
2024-01-29,LVMH,733.7717895507812
2024-02-05,LVMH,761.4969482421875
2024-02-12,LVMH,769.3240966796875
2024-02-19,LVMH,801.6699829101562
2024-02-26,LVMH,798.1808471679688
2024-03-04,LVMH,796.766357421875
2024-03-11,LVMH,813.1749877929688
2024-03-18,LVMH,781.3948364257812
2024-03-25,LVMH,786.204345703125
2024-04-01,LVMH,754.235595703125
2024-04-08,LVMH,736.6953125
2024-04-15,LVMH,751.2178955078125
2024-04-22,LVMH,754.1673583984375
2024-04-29,LVMH,744.4569702148438
2024-05-06,LVMH,750.5497436523438
2024-05-13,LVMH,745.5994262695312
2024-05-20,LVMH,713.9932861328125
2024-05-27,LVMH,699.6182250976562
2024-06-03,LVMH,725.8931884765625
2024-06-10,LVMH,677.2464599609375
2024-06-17,LVMH,682.8631591796875
2024-06-24,LVMH,679.3408203125
2024-07-01,LVMH,682.0064086914062
2024-07-08,LVMH,690.0031127929688
2024-07-15,LVMH,647.1635131835938
2024-07-22,LVMH,631.2652587890625
2024-07-29,LVMH,600.2304077148438
2024-08-05,LVMH,605.46630859375
2024-08-12,LVMH,626.5052490234375
2024-08-19,LVMH,648.4010620117188
2024-08-26,LVMH,641.9275512695312
2024-09-02,LVMH,582.6185302734375
2024-09-09,LVMH,578.9057006835938
2024-09-16,LVMH,563.4835205078125
2024-09-23,LVMH,669.6304931640625
2024-09-30,LVMH,630.1229248046875
2024-10-07,LVMH,621.745361328125
2024-10-14,LVMH,593.2808227539062
2024-10-21,LVMH,596.8983764648438
2024-10-28,LVMH,581.66650390625
2024-11-04,LVMH,569.6715087890625
2024-11-11,LVMH,558.15234375
2024-11-18,LVMH,555.0108032226562
2024-11-25,LVMH,564.0546264648438
2024-12-02,LVMH,605.7582397460938
2024-12-09,LVMH,614.0220336914062
2024-12-16,LVMH,603.548095703125
2024-12-23,LVMH,610.7549438476562
2024-12-30,LVMH,587.40478515625
2025-01-06,LVMH,619.7875366210938
2025-01-13,LVMH,663.1245727539062
2025-01-20,LVMH,705.4046630859375
2025-01-27,LVMH,676.0007934570312
2025-02-03,LVMH,657.4552612304688
2025-02-10,LVMH,685.1294555664062
2025-02-17,LVMH,674.9437866210938
2025-02-24,LVMH,667.737060546875
2025-03-03,LVMH,609.89013671875
2025-03-10,LVMH,581.4472045898438
2025-03-17,LVMH,578.9487915039062
2025-03-24,LVMH,564.1507568359375
2025-03-31,LVMH,509.2827453613281
2025-04-07,LVMH,503.90167236328125
2025-04-14,LVMH,466.61834716796875
2025-04-21,LVMH,486.596923828125
2025-04-28,LVMH,483.7191162109375
2025-05-05,LVMH,483.6215515136719
2025-05-12,LVMH,491.5721435546875
2025-05-19,LVMH,467.2813415527344
2025-05-26,LVMH,466.5496826171875
2025-06-02,LVMH,459.7209167480469
2025-06-09,LVMH,450.1119079589844
2025-06-16,LVMH,438.9420471191406
2025-06-23,LVMH,438.30792236328125
2025-06-30,LVMH,465.67169189453125
2025-07-07,LVMH,475.76849365234375
2025-07-14,LVMH,461.1842346191406
2025-07-21,LVMH,476.7440490722656
2025-07-28,LVMH,450.35577392578125
2025-08-04,LVMH,450.0631408691406
2025-08-11,LVMH,464.4522705078125
2025-08-18,LVMH,482.9874572753906
2025-08-25,LVMH,491.7672424316406
2025-09-01,LVMH,484.10931396484375
2025-09-08,LVMH,478.64630126953125
2025-09-15,LVMH,498.1082458496094
2025-09-22,LVMH,503.0834655761719
2025-09-29,LVMH,539.5684204101562
2025-10-06,LVMH,532.6422119140625
2025-10-13,LVMH,590.881591796875
2025-10-20,LVMH,597.5152587890625
2025-10-27,LVMH,597.125
2025-11-03,LVMH,588.4428100585938
2025-11-10,LVMH,621.4158935546875
2025-11-17,LVMH,607.7584228515625
2025-11-24,LVMH,619.9525756835938
2025-12-01,LVMH,618.0223999023438
2025-12-08,LVMH,614.480224609375
2025-12-15,LVMH,621.564697265625
2025-12-22,LVMH,621.958251953125
2025-12-29,LVMH,631.5026245117188
2026-01-05,LVMH,641.6373291015625
2026-01-12,LVMH,599.4257202148438
2026-01-19,LVMH,581.9113159179688
2026-01-26,LVMH,538.1253051757812
2026-02-02,LVMH,527.596923828125
2026-02-09,LVMH,505.9499206542969
2026-02-16,LVMH,545.8001098632812
2026-02-23,LVMH,535.3701782226562
2026-03-02,LVMH,494.1424560546875
2026-03-09,LVMH,466.0997314453125
2026-03-16,LVMH,450.6024475097656
2026-03-23,LVMH,448.4377136230469
2026-03-30,LVMH,463.4922180175781
2026-04-06,LVMH,475.5456848144531
2026-04-13,LVMH,491.3873596191406
2026-04-20,LVMH,464.0826110839844
2026-04-27,LVMH,451.3999938964844
2026-05-04,LVMH,472.70001220703125
2026-05-11,LVMH,455.6000061035156
2026-05-18,LVMH,472.6000061035156
2026-05-25,LVMH,473.04998779296875
2026-06-01,LVMH,479.04998779296875
2026-06-08,LVMH,510.6000061035156
2026-06-15,LVMH,499.25
2026-06-22,LVMH,495.75
2026-06-29,LVMH,495.70001220703125
2026-07-06,LVMH,489.8999938964844
2026-07-13,LVMH,495.1000061035156
2026-07-20,LVMH,461.70001220703125
2026-07-27,LVMH,473.29998779296875
2026-08-03,LVMH,480.0
2026-08-10,LVMH,482.6000061035156
2021-08-09,Kering,690.0467529296875
2021-08-16,Kering,570.7383422851562
2021-08-23,Kering,584.8209838867188
2021-08-30,Kering,597.6788330078125
2021-09-06,Kering,609.137451171875
2021-09-13,Kering,557.3555297851562
2021-09-20,Kering,554.3815307617188
2021-09-27,Kering,548.6961669921875
2021-10-04,Kering,548.4337158203125
2021-10-11,Kering,584.9959106445312
2021-10-18,Kering,565.140380859375
2021-10-25,Kering,566.9771728515625
2021-11-01,Kering,577.2111206054688
2021-11-08,Kering,592.8681030273438
2021-11-15,Kering,627.0687866210938
2021-11-22,Kering,582.109375
2021-11-29,Kering,598.291259765625
2021-12-06,Kering,612.7236938476562
2021-12-13,Kering,603.3644409179688
2021-12-20,Kering,600.915283203125
2021-12-27,Kering,618.3218383789062
2022-01-03,Kering,627.5059814453125
2022-01-10,Kering,584.9725952148438
2022-01-17,Kering,587.8732299804688
2022-01-24,Kering,569.4141845703125
2022-01-31,Kering,573.2819213867188
2022-02-07,Kering,544.8023681640625
2022-02-14,Kering,585.9393310546875
2022-02-21,Kering,561.3275146484375
2022-02-28,Kering,491.00775146484375
2022-03-07,Kering,489.6892395019531
2022-03-14,Kering,531.353759765625
2022-03-21,Kering,511.8399353027344
2022-03-28,Kering,505.68701171875
2022-04-04,Kering,484.591064453125
2022-04-11,Kering,469.2085876464844
2022-04-18,Kering,465.1652526855469
2022-04-25,Kering,451.0133361816406
2022-05-02,Kering,409.3944396972656
2022-05-09,Kering,411.3614196777344
2022-05-16,Kering,402.64422607421875
2022-05-23,Kering,437.2000427246094
2022-05-30,Kering,465.8102722167969
2022-06-06,Kering,456.3330993652344
2022-06-13,Kering,430.8074645996094
2022-06-20,Kering,449.2699279785156
2022-06-27,Kering,435.6353759765625
2022-07-04,Kering,447.9288330078125
2022-07-11,Kering,444.26318359375
2022-07-18,Kering,475.01922607421875
2022-07-25,Kering,497.90740966796875
2022-08-01,Kering,486.01617431640625
2022-08-08,Kering,501.5729675292969
2022-08-15,Kering,498.98016357421875
2022-08-22,Kering,472.8734130859375
2022-08-29,Kering,443.5479431152344
2022-09-05,Kering,466.8831481933594
2022-09-12,Kering,441.8044738769531
2022-09-19,Kering,426.6500549316406
2022-09-26,Kering,409.9756164550781
2022-10-03,Kering,401.8842468261719
2022-10-10,Kering,400.54315185546875
2022-10-17,Kering,405.9969787597656
2022-10-24,Kering,414.6247863769531
2022-10-31,Kering,450.0745849609375
2022-11-07,Kering,486.01617431640625
2022-11-14,Kering,492.72174072265625
2022-11-21,Kering,487.5361328125
2022-11-28,Kering,500.41070556640625
2022-12-05,Kering,468.04541015625
2022-12-12,Kering,439.0328674316406
2022-12-19,Kering,421.9561462402344
2022-12-26,Kering,425.1300964355469
2023-01-02,Kering,471.71112060546875
2023-01-09,Kering,503.8975830078125
2023-01-16,Kering,479.1128234863281
2023-01-23,Kering,502.6358337402344
2023-01-30,Kering,539.49755859375
2023-02-06,Kering,504.2580871582031
2023-02-13,Kering,531.7467651367188
2023-02-20,Kering,499.1208801269531
2023-02-27,Kering,520.3908081054688
2023-03-06,Kering,516.9658813476562
2023-03-13,Kering,493.0824279785156
2023-03-20,Kering,523.1846923828125
2023-03-27,Kering,540.7593994140625
2023-04-03,Kering,500.56298828125
2023-04-10,Kering,519.1289672851562
2023-04-17,Kering,520.9315795898438
2023-04-24,Kering,522.4636840820312
2023-05-01,Kering,514.400390625
2023-05-08,Kering,499.73992919921875
2023-05-15,Kering,490.30218505859375
2023-05-22,Kering,474.3589172363281
2023-05-29,Kering,464.2798156738281
2023-06-05,Kering,462.447265625
2023-06-12,Kering,483.521728515625
2023-06-19,Kering,460.1565856933594
2023-06-26,Kering,463.2719421386719
2023-07-03,Kering,437.6160583496094
2023-07-10,Kering,458.1407165527344
2023-07-17,Kering,495.9831848144531
2023-07-24,Kering,486.7287292480469
2023-07-31,Kering,471.42681884765625
2023-08-07,Kering,473.80908203125
2023-08-14,Kering,451.3602600097656
2023-08-21,Kering,446.77886962890625
2023-08-28,Kering,447.87835693359375
2023-09-04,Kering,430.3774108886719
2023-09-11,Kering,429.82763671875
2023-09-18,Kering,421.9018249511719
2023-09-25,Kering,395.741943359375
2023-10-02,Kering,389.74029541015625
2023-10-09,Kering,372.7432861328125
2023-10-16,Kering,369.07818603515625
2023-10-23,Kering,351.3939514160156
2023-10-30,Kering,373.1556396484375
2023-11-06,Kering,360.19024658203125
2023-11-13,Kering,370.45257568359375
2023-11-20,Kering,372.4226379394531
2023-11-27,Kering,360.0069885253906
2023-12-04,Kering,379.15728759765625
2023-12-11,Kering,382.8681945800781
2023-12-18,Kering,364.49676513671875
2023-12-25,Kering,365.5963134765625
2024-01-01,Kering,346.72088623046875
2024-01-08,Kering,336.0003967285156
2024-01-15,Kering,325.1466979980469
2024-01-22,Kering,356.9656066894531
2024-01-29,Kering,349.3587646484375
2024-02-05,Kering,383.2185974121094
2024-02-12,Kering,397.13360595703125
2024-02-19,Kering,394.8607482910156
2024-02-26,Kering,393.2837829589844
2024-03-04,Kering,387.2075500488281
2024-03-11,Kering,395.3246154785156
2024-03-18,Kering,332.15057373046875
2024-03-25,Kering,339.8502197265625
2024-04-01,Kering,336.5569763183594
2024-04-08,Kering,325.1466979980469
2024-04-15,Kering,314.57135009765625
2024-04-22,Kering,313.5045471191406
2024-04-29,Kering,313.818603515625
2024-05-06,Kering,317.5437927246094
2024-05-13,Kering,317.16168212890625
2024-05-20,Kering,317.5437927246094
2024-05-27,Kering,302.9775695800781
2024-06-03,Kering,313.3888244628906
2024-06-10,Kering,288.9366455078125
2024-06-17,Kering,305.7475280761719
2024-06-24,Kering,323.3224792480469
2024-07-01,Kering,320.0271911621094
2024-07-08,Kering,323.9911193847656
2024-07-15,Kering,300.9239501953125
2024-07-22,Kering,271.45721435546875
2024-07-29,Kering,260.186279296875
2024-08-05,Kering,243.1365966796875
2024-08-12,Kering,243.08885192871094
2024-08-19,Kering,248.3422393798828
2024-08-26,Kering,247.38705444335938
2024-09-02,Kering,225.65713500976562
2024-09-09,Kering,218.73219299316406
2024-09-16,Kering,215.1503448486328
2024-09-23,Kering,254.88510131835938
2024-09-30,Kering,225.9436798095703
2024-10-07,Kering,228.42710876464844
2024-10-14,Kering,227.3764190673828
2024-10-21,Kering,224.41539001464844
2024-10-28,Kering,220.35597229003906
2024-11-04,Kering,211.09091186523438
2024-11-11,Kering,212.71469116210938
2024-11-18,Kering,200.67962646484375
2024-11-25,Kering,210.85211181640625
2024-12-02,Kering,227.5196990966797
2024-12-09,Kering,233.10739135742188
2024-12-16,Kering,223.6990509033203
2024-12-23,Kering,227.28089904785156
2024-12-30,Kering,214.29071044921875
2025-01-06,Kering,217.5860137939453
2025-01-13,Kering,233.87486267089844
2025-01-20,Kering,248.90762329101562
2025-01-27,Kering,244.23397827148438
2025-02-03,Kering,232.81488037109375
2025-02-10,Kering,269.81854248046875
2025-02-17,Kering,266.9276428222656
2025-02-24,Kering,261.2421875
2025-03-03,Kering,239.94580078125
2025-03-10,Kering,215.42120361328125
2025-03-17,Kering,199.28028869628906
2025-03-24,Kering,191.99517822265625
2025-03-31,Kering,164.64715576171875
2025-04-07,Kering,161.91041564941406
2025-04-14,Kering,158.49913024902344
2025-04-21,Kering,168.15478515625
2025-04-28,Kering,178.003173828125
2025-05-05,Kering,175.2452392578125
2025-05-12,Kering,175.83624267578125
2025-05-19,Kering,170.69471740722656
2025-05-26,Kering,169.7688446044922
2025-06-02,Kering,170.79318237304688
2025-06-09,Kering,169.98553466796875
2025-06-16,Kering,176.32870483398438
2025-06-23,Kering,181.4308319091797
2025-06-30,Kering,195.16127014160156
2025-07-07,Kering,195.69314575195312
2025-07-14,Kering,194.37330627441406
2025-07-21,Kering,218.465576171875
2025-07-28,Kering,212.9005126953125
2025-08-04,Kering,212.4080352783203
2025-08-11,Kering,208.46815490722656
2025-08-18,Kering,220.43551635742188
2025-08-25,Kering,225.705078125
2025-09-01,Kering,233.78182983398438
2025-09-08,Kering,237.6724395751953
2025-09-15,Kering,263.92181396484375
2025-09-22,Kering,270.8658142089844
2025-09-29,Kering,293.372314453125
2025-10-06,Kering,304.3546447753906
2025-10-13,Kering,304.8963928222656
2025-10-20,Kering,326.6641540527344
2025-10-27,Kering,302.1877136230469
2025-11-03,Kering,295.3914489746094
2025-11-10,Kering,315.7802734375
2025-11-17,Kering,291.7471008300781
2025-11-24,Kering,288.398193359375
2025-12-01,Kering,291.0576171875
2025-12-08,Kering,291.7471008300781
2025-12-15,Kering,298.0016174316406
2025-12-22,Kering,299.0358581542969
2025-12-29,Kering,300.02081298828125
2026-01-05,Kering,312.6283874511719
2026-01-12,Kering,285.4954833984375
2026-01-19,Kering,271.8981018066406
2026-01-26,Kering,261.21795654296875
2026-02-02,Kering,255.1856689453125
2026-02-09,Kering,281.1937561035156
2026-02-16,Kering,274.91424560546875
2026-02-23,Kering,282.7265319824219
2026-03-02,Kering,254.5428924560547
2026-03-09,Kering,245.939453125
2026-03-16,Kering,231.55096435546875
2026-03-23,Kering,245.5438995361328
2026-03-30,Kering,262.3057556152344
2026-04-06,Kering,273.3814392089844
2026-04-13,Kering,250.7850799560547
2026-04-20,Kering,237.38548278808594
2026-04-27,Kering,230.06761169433594
2026-05-04,Kering,243.1705322265625
2026-05-11,Kering,234.2209930419922
2026-05-18,Kering,239.31382751464844
2026-05-25,Kering,252.51565551757812
2026-06-01,Kering,249.4499969482422
2026-06-08,Kering,268.3500061035156
2026-06-15,Kering,271.95001220703125
2026-06-22,Kering,267.04998779296875
2026-06-29,Kering,248.4499969482422
2026-07-06,Kering,248.5
2026-07-13,Kering,252.3000030517578
2026-07-20,Kering,242.3000030517578
2026-07-27,Kering,290.6499938964844
2026-08-03,Kering,286.6499938964844
2026-08-10,Kering,285.1499938964844
2021-08-09,Inditex,25.159570693969727
2021-08-16,Inditex,25.000118255615234
2021-08-23,Inditex,24.303573608398438
2021-08-30,Inditex,24.815492630004883
2021-09-06,Inditex,24.689611434936523
2021-09-13,Inditex,26.61140251159668
2021-09-20,Inditex,26.569446563720703
2021-09-27,Inditex,26.871562957763672
2021-10-04,Inditex,26.28411293029785
2021-10-11,Inditex,26.14144515991211
2021-10-18,Inditex,25.81415557861328
2021-10-25,Inditex,26.5158634185791
2021-11-01,Inditex,27.390106201171875
2021-11-08,Inditex,26.991182327270508
2021-11-15,Inditex,25.862306594848633
2021-11-22,Inditex,24.818307876586914
2021-11-29,Inditex,23.638505935668945
2021-12-06,Inditex,24.105329513549805
2021-12-13,Inditex,23.60455322265625
2021-12-20,Inditex,23.893138885498047
2021-12-27,Inditex,24.215673446655273
2022-01-03,Inditex,23.477235794067383
2022-01-10,Inditex,23.570600509643555
2022-01-17,Inditex,23.850698471069336
2022-01-24,Inditex,22.942508697509766
2022-01-31,Inditex,21.253433227539062
2022-02-07,Inditex,21.85606575012207
2022-02-14,Inditex,21.516557693481445
2022-02-21,Inditex,20.57440948486328
2022-02-28,Inditex,17.281147003173828
2022-03-07,Inditex,18.469436645507812
2022-03-14,Inditex,17.722511291503906
2022-03-21,Inditex,17.65460777282715
2022-03-28,Inditex,17.068952560424805
2022-04-04,Inditex,17.11138916015625
2022-04-11,Inditex,17.43392562866211
2022-04-18,Inditex,17.247196197509766
2022-04-25,Inditex,17.46021842956543
2022-05-02,Inditex,17.590518951416016
2022-05-09,Inditex,17.842430114746094
2022-05-16,Inditex,17.738189697265625
2022-05-23,Inditex,19.362600326538086
2022-05-30,Inditex,19.171491622924805
2022-06-06,Inditex,19.805618286132812
2022-06-13,Inditex,18.88483238220215
2022-06-20,Inditex,19.049877166748047
2022-06-27,Inditex,19.084625244140625
2022-07-04,Inditex,20.266014099121094
2022-07-11,Inditex,21.047815322875977
2022-07-18,Inditex,21.334474563598633
2022-07-25,Inditex,20.5787353515625
2022-08-01,Inditex,20.926198959350586
2022-08-08,Inditex,22.038097381591797
2022-08-15,Inditex,21.525583267211914
2022-08-22,Inditex,19.345224380493164
2022-08-29,Inditex,18.850088119506836
2022-09-05,Inditex,18.650293350219727
2022-09-12,Inditex,19.501588821411133
2022-09-19,Inditex,18.276765823364258
2022-09-26,Inditex,18.485246658325195
2022-10-03,Inditex,18.71109962463379
2022-10-10,Inditex,18.997758865356445
2022-10-17,Inditex,19.362600326538086
2022-10-24,Inditex,20.38762664794922
2022-10-31,Inditex,20.870620727539062
2022-11-07,Inditex,21.446664810180664
2022-11-14,Inditex,21.375770568847656
2022-11-21,Inditex,22.12019920349121
2022-11-28,Inditex,22.41265296936035
2022-12-05,Inditex,21.694808959960938
2022-12-12,Inditex,21.55301284790039
2022-12-19,Inditex,22.102474212646484
2022-12-26,Inditex,22.022716522216797
2023-01-02,Inditex,23.75971794128418
2023-01-09,Inditex,24.362350463867188
2023-01-16,Inditex,24.078760147094727
2023-01-23,Inditex,25.16881561279297
2023-01-30,Inditex,25.82462501525879
2023-02-06,Inditex,24.548458099365234
2023-02-13,Inditex,25.523303985595703
2023-02-20,Inditex,25.018157958984375
2023-02-27,Inditex,26.01959228515625
2023-03-06,Inditex,25.939834594726562
2023-03-13,Inditex,25.372648239135742
2023-03-20,Inditex,25.842344284057617
2023-03-27,Inditex,27.384380340576172
2023-04-03,Inditex,26.985580444335938
2023-04-10,Inditex,27.552762985229492
2023-04-17,Inditex,27.845218658447266
2023-04-24,Inditex,28.150663375854492
2023-05-01,Inditex,28.611408233642578
2023-05-08,Inditex,28.44879150390625
2023-05-15,Inditex,28.358448028564453
2023-05-22,Inditex,28.12355613708496
2023-05-29,Inditex,29.045053482055664
2023-06-05,Inditex,30.038818359375
2023-06-12,Inditex,31.068721771240234
2023-06-19,Inditex,30.62604331970215
2023-06-26,Inditex,32.035377502441406
2023-07-03,Inditex,30.78866195678711
2023-07-10,Inditex,31.65594482421875
2023-07-17,Inditex,31.439123153686523
2023-07-24,Inditex,31.35781478881836
2023-07-31,Inditex,30.39115333557129
2023-08-07,Inditex,30.083986282348633
2023-08-14,Inditex,30.707351684570312
2023-08-21,Inditex,30.906099319458008
2023-08-28,Inditex,31.619808197021484
2023-09-04,Inditex,31.881799697875977
2023-09-11,Inditex,32.694881439208984
2023-09-18,Inditex,31.899869918823242
2023-09-25,Inditex,31.881799697875977
2023-10-02,Inditex,31.79145622253418
2023-10-09,Inditex,30.83382797241211
2023-10-16,Inditex,30.210466384887695
2023-10-23,Inditex,29.496763229370117
2023-10-30,Inditex,30.85152244567871
2023-11-06,Inditex,31.532411575317383
2023-11-13,Inditex,32.811370849609375
2023-11-20,Inditex,34.28356170654297
2023-11-27,Inditex,35.24968719482422
2023-12-04,Inditex,34.854034423828125
2023-12-11,Inditex,35.34169387817383
2023-12-18,Inditex,35.930572509765625
2023-12-25,Inditex,36.280216217041016
2024-01-01,Inditex,34.614803314208984
2024-01-08,Inditex,35.92136764526367
2024-01-15,Inditex,35.76494216918945
2024-01-22,Inditex,35.76494216918945
2024-01-29,Inditex,36.464237213134766
2024-02-05,Inditex,35.93977737426758
2024-02-12,Inditex,36.43663024902344
2024-02-19,Inditex,37.7339973449707
2024-02-26,Inditex,37.816810607910156
2024-03-04,Inditex,37.42115783691406
2024-03-11,Inditex,41.478878021240234
2024-03-18,Inditex,42.537010192871094
2024-03-25,Inditex,42.94186019897461
2024-04-01,Inditex,41.58929443359375
2024-04-08,Inditex,40.17230987548828
2024-04-15,Inditex,40.24591827392578
2024-04-22,Inditex,41.71810531616211
2024-04-29,Inditex,40.080081939697266
2024-05-06,Inditex,40.13624572753906
2024-05-13,Inditex,40.38896942138672
2024-05-20,Inditex,41.46538543701172
2024-05-27,Inditex,40.77273178100586
2024-06-03,Inditex,42.74772262573242
2024-06-10,Inditex,43.0191650390625
2024-06-17,Inditex,43.833499908447266
2024-06-24,Inditex,43.39356994628906
2024-07-01,Inditex,42.51371765136719
2024-07-08,Inditex,44.264068603515625
2024-07-15,Inditex,42.33587646484375
2024-07-22,Inditex,42.083152770996094
2024-07-29,Inditex,40.97865676879883
2024-08-05,Inditex,41.3905029296875
2024-08-12,Inditex,43.608856201171875
2024-08-19,Inditex,46.239051818847656
2024-08-26,Inditex,45.84592819213867
2024-09-02,Inditex,43.61820983886719
2024-09-09,Inditex,47.156349182128906
2024-09-16,Inditex,48.69140625
2024-09-23,Inditex,49.908226013183594
2024-09-30,Inditex,48.54164505004883
2024-10-07,Inditex,49.81462478637695
2024-10-14,Inditex,50.26390838623047
2024-10-21,Inditex,51.068885803222656
2024-10-28,Inditex,50.02650451660156
2024-11-04,Inditex,49.38075256347656
2024-11-11,Inditex,48.45011520385742
2024-11-18,Inditex,50.29239273071289
2024-11-25,Inditex,49.55168151855469
2024-12-02,Inditex,53.008338928222656
2024-12-09,Inditex,47.671417236328125
2024-12-16,Inditex,47.53847122192383
2024-12-23,Inditex,47.3200569152832
2024-12-30,Inditex,47.462501525878906
2025-01-06,Inditex,47.614437103271484
2025-01-13,Inditex,46.89271926879883
2025-01-20,Inditex,46.44639587402344
2025-01-27,Inditex,50.06448745727539
2025-02-03,Inditex,50.00750732421875
2025-02-10,Inditex,51.60288619995117
2025-02-17,Inditex,49.798587799072266
2025-02-24,Inditex,49.38075256347656
2025-03-03,Inditex,47.880332946777344
2025-03-10,Inditex,42.59090042114258
2025-03-17,Inditex,44.37620162963867
2025-03-24,Inditex,43.90138626098633
2025-03-31,Inditex,42.391475677490234
2025-04-07,Inditex,43.10369873046875
2025-04-14,Inditex,44.51865005493164
2025-04-21,Inditex,46.24697494506836
2025-04-28,Inditex,46.29779815673828
2025-05-05,Inditex,44.915916442871094
2025-05-12,Inditex,47.38010787963867
2025-05-19,Inditex,45.48606491088867
2025-05-26,Inditex,46.114192962646484
2025-06-02,Inditex,46.51039505004883
2025-06-09,Inditex,44.18149185180664
2025-06-16,Inditex,42.731971740722656
2025-06-23,Inditex,42.58701705932617
2025-06-30,Inditex,42.065185546875
2025-07-07,Inditex,41.94922637939453
2025-07-14,Inditex,40.654319763183594
2025-07-21,Inditex,41.92989730834961
2025-07-28,Inditex,39.745948791503906
2025-08-04,Inditex,41.35009002685547
2025-08-11,Inditex,42.01687240600586
2025-08-18,Inditex,42.52903366088867
2025-08-25,Inditex,40.77994155883789
2025-09-01,Inditex,40.654319763183594
2025-09-08,Inditex,44.64533996582031
2025-09-15,Inditex,44.36509704589844
2025-09-22,Inditex,43.78529357910156
2025-09-29,Inditex,46.72298812866211
2025-10-06,Inditex,45.38943099975586
2025-10-13,Inditex,46.64568328857422
2025-10-20,Inditex,48.027565002441406
2025-10-27,Inditex,47.09181594848633
2025-11-03,Inditex,46.73788833618164
2025-11-10,Inditex,47.90781021118164
2025-11-17,Inditex,45.7547607421875
2025-11-24,Inditex,47.435909271240234
2025-12-01,Inditex,53.934383392333984
2025-12-08,Inditex,54.81919479370117
2025-12-15,Inditex,54.70122146606445
2025-12-22,Inditex,55.1338005065918
2025-12-29,Inditex,55.38941192626953
2026-01-05,Inditex,55.50738525390625
2026-01-12,Inditex,54.917510986328125
2026-01-19,Inditex,54.072021484375
2026-01-26,Inditex,54.072021484375
2026-02-02,Inditex,56.1759147644043
2026-02-09,Inditex,56.097267150878906
2026-02-16,Inditex,56.68714141845703
2026-02-23,Inditex,55.86131286621094
2026-03-02,Inditex,51.00466537475586
2026-03-09,Inditex,50.74905014038086
2026-03-16,Inditex,49.70693588256836
2026-03-23,Inditex,48.664817810058594
2026-03-30,Inditex,49.9428825378418
2026-04-06,Inditex,53.08889389038086
2026-04-13,Inditex,54.09168243408203
2026-04-20,Inditex,51.67319107055664
2026-04-27,Inditex,50.58000183105469
2026-05-04,Inditex,51.31999969482422
2026-05-11,Inditex,49.47999954223633
2026-05-18,Inditex,50.779998779296875
2026-05-25,Inditex,53.29999923706055
2026-06-01,Inditex,55.0
2026-06-08,Inditex,55.939998626708984
2026-06-15,Inditex,55.7400016784668
2026-06-22,Inditex,56.0
2026-06-29,Inditex,57.20000076293945
2026-07-06,Inditex,54.959999084472656
2026-07-13,Inditex,53.7400016784668
2026-07-20,Inditex,54.459999084472656
2026-07-27,Inditex,57.47999954223633
2026-08-03,Inditex,58.65999984741211
2026-08-10,Inditex,59.08000183105469
2021-08-09,H&M,141.2705535888672
2021-08-16,H&M,137.1459503173828
2021-08-23,H&M,135.765869140625
2021-08-30,H&M,137.7418975830078
2021-09-06,H&M,135.0131072998047
2021-09-13,H&M,136.18931579589844
2021-09-20,H&M,139.26315307617188
2021-09-27,H&M,141.66259765625
2021-10-04,H&M,131.24923706054688
2021-10-11,H&M,132.15882873535156
2021-10-18,H&M,130.95126342773438
2021-10-25,H&M,131.36473083496094
2021-11-01,H&M,140.4856719970703
2021-11-08,H&M,136.2596893310547
2021-11-15,H&M,131.69105529785156
2021-11-22,H&M,130.01043701171875
2021-11-29,H&M,130.71206665039062
2021-12-06,H&M,135.01962280273438
2021-12-13,H&M,137.2223663330078
2021-12-20,H&M,145.3153839111328
2021-12-27,H&M,145.2827606201172
2022-01-03,H&M,143.39002990722656
2022-01-10,H&M,143.56951904296875
2022-01-17,H&M,140.8446502685547
2022-01-24,H&M,153.11471557617188
2022-01-31,H&M,139.29458618164062
2022-02-07,H&M,149.9656219482422
2022-02-14,H&M,141.87258911132812
2022-02-21,H&M,135.41122436523438
2022-02-28,H&M,114.0038833618164
2022-03-07,H&M,118.29515075683594
2022-03-14,H&M,115.78239440917969
2022-03-21,H&M,114.9339370727539
2022-03-28,H&M,106.5309066772461
2022-04-04,H&M,107.68937683105469
2022-04-11,H&M,105.24188995361328
2022-04-18,H&M,103.77339172363281
2022-04-25,H&M,102.12541961669922
2022-05-02,H&M,102.20838928222656
2022-05-09,H&M,108.34191131591797
2022-05-16,H&M,105.1578369140625
2022-05-23,H&M,111.0232162475586
2022-05-30,H&M,113.78833770751953
2022-06-06,H&M,113.87210083007812
2022-06-13,H&M,104.40372467041016
2022-06-20,H&M,101.78944396972656
2022-06-27,H&M,104.03504180908203
2022-07-04,H&M,110.10150909423828
2022-07-11,H&M,109.21331787109375
2022-07-18,H&M,112.66552734375
2022-07-25,H&M,108.3586654663086
2022-08-01,H&M,108.2413558959961
2022-08-08,H&M,111.60975646972656
2022-08-15,H&M,106.8169174194336
2022-08-22,H&M,93.15895080566406
2022-08-29,H&M,94.566650390625
2022-09-05,H&M,93.94660186767578
2022-09-12,H&M,91.01390838623047
2022-09-19,H&M,87.24329376220703
2022-09-26,H&M,86.6902847290039
2022-10-03,H&M,87.4276351928711
2022-10-10,H&M,94.13092803955078
2022-10-17,H&M,92.9243392944336
2022-10-24,H&M,92.77351379394531
2022-10-31,H&M,97.21444702148438
2022-11-07,H&M,106.68195343017578
2022-11-14,H&M,101.40904235839844
2022-11-21,H&M,102.78759002685547
2022-11-28,H&M,103.9937973022461
2022-12-05,H&M,101.32288360595703
2022-12-12,H&M,96.01548767089844
2022-12-19,H&M,96.92877960205078
2022-12-26,H&M,96.70475006103516
2023-01-02,H&M,109.66305541992188
2023-01-09,H&M,111.8859634399414
2023-01-16,H&M,108.38792419433594
2023-01-23,H&M,108.38792419433594
2023-01-30,H&M,118.468505859375
2023-02-06,H&M,111.593017578125
2023-02-13,H&M,112.4373779296875
2023-02-20,H&M,108.11219787597656
2023-02-27,H&M,114.76366424560547
2023-03-06,H&M,113.97100067138672
2023-03-13,H&M,105.73422241210938
2023-03-20,H&M,104.42459869384766
2023-03-27,H&M,127.360107421875
2023-04-03,H&M,130.09996032714844
2023-04-10,H&M,133.35678100585938
2023-04-17,H&M,133.80479431152344
2023-04-24,H&M,129.13497924804688
2023-05-01,H&M,127.51963806152344
2023-05-08,H&M,126.00407409667969
2023-05-15,H&M,127.00858306884766
2023-05-22,H&M,122.09178161621094
2023-05-29,H&M,125.42251586914062
2023-06-05,H&M,126.19792938232422
2023-06-12,H&M,135.150390625
2023-06-19,H&M,136.91268920898438
2023-06-26,H&M,163.17086791992188
2023-07-03,H&M,157.86636352539062
2023-07-10,H&M,158.25405883789062
2023-07-17,H&M,155.87496948242188
2023-07-24,H&M,155.87496948242188
2023-07-31,H&M,145.8651580810547
2023-08-07,H&M,147.3102264404297
2023-08-14,H&M,145.2659454345703
2023-08-21,H&M,140.8954620361328
2023-08-28,H&M,148.06800842285156
2023-09-04,H&M,146.92251586914062
2023-09-11,H&M,140.49014282226562
2023-09-18,H&M,138.81594848632812
2023-09-25,H&M,136.9832000732422
2023-10-02,H&M,133.72293090820312
2023-10-09,H&M,133.6524200439453
2023-10-16,H&M,132.41883850097656
2023-10-23,H&M,127.88972473144531
2023-10-30,H&M,141.07171630859375
2023-11-06,H&M,139.50726318359375
2023-11-13,H&M,150.9080810546875
2023-11-20,H&M,156.08700561523438
2023-11-27,H&M,154.64842224121094
2023-12-04,H&M,155.13394165039062
2023-12-11,H&M,159.64752197265625
2023-12-18,H&M,158.65850830078125
2023-12-25,H&M,158.80233764648438
2024-01-01,H&M,148.80413818359375
2024-01-08,H&M,151.89710998535156
2024-01-15,H&M,142.95989990234375
2024-01-22,H&M,149.95501708984375
2024-01-29,H&M,128.80772399902344
2024-02-05,H&M,126.29021453857422
2024-02-12,H&M,128.01654052734375
2024-02-19,H&M,126.95555877685547
2024-02-26,H&M,126.84768676757812
2024-03-04,H&M,126.32618713378906
2024-03-11,H&M,131.18141174316406
2024-03-18,H&M,136.7919158935547
2024-03-25,H&M,156.96815490722656
2024-04-01,H&M,148.9390106201172
2024-04-08,H&M,147.77017211914062
2024-04-15,H&M,153.83921813964844
2024-04-22,H&M,161.79641723632812
2024-04-29,H&M,154.2438201904297
2024-05-06,H&M,156.30589294433594
2024-05-13,H&M,166.15806579589844
2024-05-20,H&M,171.6111297607422
2024-05-27,H&M,170.0989532470703
2024-06-03,H&M,171.5653076171875
2024-06-10,H&M,172.848388671875
2024-06-17,H&M,177.98068237304688
2024-06-24,H&M,153.64810180664062
2024-07-01,H&M,155.89349365234375
2024-07-08,H&M,159.7427215576172
2024-07-15,H&M,154.8395233154297
2024-07-22,H&M,152.090087890625
2024-07-29,H&M,147.0494384765625
2024-08-05,H&M,144.9415283203125
2024-08-12,H&M,147.5993194580078
2024-08-19,H&M,152.2733917236328
2024-08-26,H&M,148.92822265625
2024-09-02,H&M,144.66659545898438
2024-09-09,H&M,151.5860137939453
2024-09-16,H&M,164.6916961669922
2024-09-23,H&M,157.0849151611328
2024-09-30,H&M,155.80184936523438
2024-10-07,H&M,157.4056854248047
2024-10-14,H&M,161.02577209472656
2024-10-21,H&M,157.95559692382812
2024-10-28,H&M,146.1787872314453
2024-11-04,H&M,148.54135131835938
2024-11-11,H&M,145.64161682128906
2024-11-18,H&M,145.36099243164062
2024-11-25,H&M,141.47909545898438
2024-12-02,H&M,152.37648010253906
2024-12-09,H&M,146.29640197753906
2024-12-16,H&M,141.1516876220703
2024-12-23,H&M,139.42120361328125
2024-12-30,H&M,137.26979064941406
2025-01-06,H&M,135.2119140625
2025-01-13,H&M,141.19847106933594
2025-01-20,H&M,140.7775421142578
2025-01-27,H&M,138.62612915039062
2025-02-03,H&M,141.05816650390625
2025-02-10,H&M,141.52586364746094
2025-02-17,H&M,132.3121795654297
2025-02-24,H&M,134.83775329589844
2025-03-03,H&M,135.3522186279297
2025-03-10,H&M,125.3902359008789
2025-03-17,H&M,126.51271057128906
2025-03-24,H&M,124.26774597167969
2025-03-31,H&M,119.87136840820312
2025-04-07,H&M,122.67756652832031
2025-04-14,H&M,130.02044677734375
2025-04-21,H&M,132.26541137695312
2025-04-28,H&M,131.6106414794922
2025-05-05,H&M,133.2359161376953
2025-05-12,H&M,139.9025115966797
2025-05-19,H&M,133.18795776367188
2025-05-26,H&M,131.70115661621094
2025-06-02,H&M,131.7970733642578
2025-06-09,H&M,125.75399017333984
2025-06-16,H&M,123.30796813964844
2025-06-23,H&M,127.72037506103516
2025-06-30,H&M,132.46853637695312
2025-07-07,H&M,129.9745635986328
2025-07-14,H&M,133.42776489257812
2025-07-21,H&M,138.3677520751953
2025-07-28,H&M,123.11612701416016
2025-08-04,H&M,133.0440673828125
2025-08-11,H&M,137.31259155273438
2025-08-18,H&M,139.2310333251953
2025-08-25,H&M,133.18795776367188
2025-09-01,H&M,139.61474609375
2025-09-08,H&M,140.19027709960938
2025-09-15,H&M,146.137451171875
2025-09-22,H&M,165.94537353515625
2025-09-29,H&M,171.36497497558594
2025-10-06,H&M,161.43702697753906
2025-10-13,H&M,169.2546844482422
2025-10-20,H&M,172.75584411621094
2025-10-27,H&M,172.94769287109375
2025-11-03,H&M,169.0911865234375
2025-11-10,H&M,177.995849609375
2025-11-17,H&M,168.6997528076172
2025-11-24,H&M,167.6233673095703
2025-12-01,H&M,172.8096160888672
2025-12-08,H&M,176.62591552734375
2025-12-15,H&M,179.9529266357422
2025-12-22,H&M,180.14865112304688
2025-12-29,H&M,181.12718200683594
2026-01-05,H&M,175.25596618652344
2026-01-12,H&M,173.73922729492188
2026-01-19,H&M,172.17356872558594
2026-01-26,H&M,174.52206420898438
2026-02-02,H&M,183.8181610107422
2026-02-09,H&M,181.56752014160156
2026-02-16,H&M,179.02333068847656
2026-02-23,H&M,188.56405639648438
2026-03-02,H&M,174.57098388671875
2026-03-09,H&M,176.62591552734375
2026-03-16,H&M,165.22596740722656
2026-03-23,H&M,166.64483642578125
2026-03-30,H&M,170.41220092773438
2026-04-06,H&M,171.34181213378906
2026-04-13,H&M,174.66883850097656
2026-04-20,H&M,167.7701416015625
2026-04-27,H&M,161.0671844482422
2026-05-04,H&M,167.14999389648438
2026-05-11,H&M,160.5500030517578
2026-05-18,H&M,163.6999969482422
2026-05-25,H&M,164.14999389648438
2026-06-01,H&M,166.3000030517578
2026-06-08,H&M,171.25
2026-06-15,H&M,170.14999389648438
2026-06-22,H&M,166.0500030517578
2026-06-29,H&M,166.6999969482422
2026-07-06,H&M,166.0
2026-07-13,H&M,164.5500030517578
2026-07-20,H&M,164.10000610351562
2026-07-27,H&M,173.89999389648438
2026-08-03,H&M,178.89999389648438
2026-08-10,H&M,178.5500030517578
2021-08-09,Adidas,302.6778259277344
2021-08-16,Adidas,286.2784118652344
2021-08-23,Adidas,288.4112854003906
2021-08-30,Adidas,283.48199462890625
2021-09-06,Adidas,283.48199462890625
2021-09-13,Adidas,267.6513977050781
2021-09-20,Adidas,267.3196105957031
2021-09-27,Adidas,256.1813049316406
2021-10-04,Adidas,248.64512634277344
2021-10-11,Adidas,260.115234375
2021-10-18,Adidas,262.81689453125
2021-10-25,Adidas,268.55194091796875
2021-11-01,Adidas,282.8658447265625
2021-11-08,Adidas,265.9925231933594
2021-11-15,Adidas,267.6513977050781
2021-11-22,Adidas,240.16107177734375
2021-11-29,Adidas,236.41671752929688
2021-12-06,Adidas,241.53561401367188
2021-12-13,Adidas,239.54489135742188
2021-12-20,Adidas,238.7865447998047
2021-12-27,Adidas,240.01889038085938
2022-01-03,Adidas,234.56822204589844
2022-01-10,Adidas,239.21311950683594
2022-01-17,Adidas,237.55422973632812
2022-01-24,Adidas,223.85646057128906
2022-01-31,Adidas,227.60086059570312
2022-02-07,Adidas,223.90386962890625
2022-02-14,Adidas,217.45787048339844
2022-02-21,Adidas,202.7173614501953
2022-02-28,Adidas,177.26512145996094
2022-03-07,Adidas,193.38014221191406
2022-03-14,Adidas,205.32420349121094
2022-03-21,Adidas,201.39022827148438
2022-03-28,Adidas,199.16259765625
2022-04-04,Adidas,196.79273986816406
2022-04-11,Adidas,190.5363006591797
2022-04-18,Adidas,189.1333770751953
2022-04-25,Adidas,183.6352996826172
2022-05-02,Adidas,171.91876220703125
2022-05-09,Adidas,174.7344970703125
2022-05-16,Adidas,166.85523986816406
2022-05-23,Adidas,173.7689208984375
2022-05-30,Adidas,180.70188903808594
2022-06-06,Adidas,169.6554718017578
2022-06-13,Adidas,160.28916931152344
2022-06-20,Adidas,164.49916076660156
2022-06-27,Adidas,161.8727569580078
2022-07-04,Adidas,162.66453552246094
2022-07-11,Adidas,155.4225616455078
2022-07-18,Adidas,170.54380798339844
2022-07-25,Adidas,162.02725219726562
2022-08-01,Adidas,165.6578826904297
2022-08-08,Adidas,167.24147033691406
2022-08-15,Adidas,159.90293884277344
2022-08-22,Adidas,146.32664489746094
2022-08-29,Adidas,143.17877197265625
2022-09-05,Adidas,140.35923767089844
2022-09-12,Adidas,130.49082946777344
2022-09-19,Adidas,126.45464324951172
2022-09-26,Adidas,114.79022216796875
2022-10-03,Adidas,111.58442687988281
2022-10-10,Adidas,110.1939697265625
2022-10-17,Adidas,100.28694915771484
2022-10-24,Adidas,95.93209838867188
2022-10-31,Adidas,110.1167221069336
2022-11-07,Adidas,130.97361755371094
2022-11-14,Adidas,124.75518798828125
2022-11-21,Adidas,119.71475982666016
2022-11-28,Adidas,119.9851303100586
2022-12-05,Adidas,114.80953216552734
2022-12-12,Adidas,116.933837890625
2022-12-19,Adidas,121.53008270263672
2022-12-26,Adidas,123.07503509521484
2023-01-02,Adidas,135.84022521972656
2023-01-09,Adidas,141.47933959960938
2023-01-16,Adidas,141.40208435058594
2023-01-23,Adidas,143.19808959960938
2023-01-30,Adidas,155.5191192626953
2023-02-06,Adidas,134.46908569335938
2023-02-13,Adidas,138.58253479003906
2023-02-20,Adidas,131.7074737548828
2023-02-27,Adidas,140.9772186279297
2023-03-06,Adidas,144.47267150878906
2023-03-13,Adidas,136.18785095214844
2023-03-20,Adidas,136.2650909423828
2023-03-27,Adidas,157.179931640625
2023-04-03,Adidas,158.16485595703125
2023-04-10,Adidas,159.90293884277344
2023-04-17,Adidas,157.8751678466797
2023-04-24,Adidas,153.954833984375
2023-05-01,Adidas,164.4798583984375
2023-05-08,Adidas,159.83848571777344
2023-05-15,Adidas,154.19508361816406
2023-05-22,Adidas,150.7237091064453
2023-05-29,Adidas,154.67991638183594
2023-06-05,Adidas,155.1453399658203
2023-06-12,Adidas,169.51568603515625
2023-06-19,Adidas,171.51319885253906
2023-06-26,Adidas,172.3858642578125
2023-07-03,Adidas,161.56448364257812
2023-07-10,Adidas,168.00302124023438
2023-07-17,Adidas,167.4600067138672
2023-07-24,Adidas,179.52256774902344
2023-07-31,Adidas,175.76026916503906
2023-08-07,Adidas,172.541015625
2023-08-14,Adidas,178.029296875
2023-08-21,Adidas,171.08653259277344
2023-08-28,Adidas,178.8632049560547
2023-09-04,Adidas,170.6405029296875
2023-09-11,Adidas,168.7981414794922
2023-09-18,Adidas,158.83004760742188
2023-09-25,Adidas,161.56448364257812
2023-10-02,Adidas,154.40841674804688
2023-10-09,Adidas,162.495361328125
2023-10-16,Adidas,164.84193420410156
2023-10-23,Adidas,161.2541961669922
2023-10-30,Adidas,165.30735778808594
2023-11-06,Adidas,165.71461486816406
2023-11-13,Adidas,174.18943786621094
2023-11-20,Adidas,178.8437957763672
2023-11-27,Adidas,188.34645080566406
2023-12-04,Adidas,187.49314880371094
2023-12-11,Adidas,186.67864990234375
2023-12-18,Adidas,178.55288696289062
2023-12-25,Adidas,178.57229614257812
2024-01-01,Adidas,168.21633911132812
2024-01-08,Adidas,172.1531524658203
2024-01-15,Adidas,159.68333435058594
2024-01-22,Adidas,172.4634552001953
2024-01-29,Adidas,169.70960998535156
2024-02-05,Adidas,166.52914428710938
2024-02-12,Adidas,170.89260864257812
2024-02-19,Adidas,183.0521240234375
2024-02-26,Adidas,181.3261260986328
2024-03-04,Adidas,183.4011993408203
2024-03-11,Adidas,198.77996826171875
2024-03-18,Adidas,194.17410278320312
2024-03-25,Adidas,200.71929931640625
2024-04-01,Adidas,195.48313903808594
2024-04-08,Adidas,190.44091796875
2024-04-15,Adidas,217.7852783203125
2024-04-22,Adidas,223.8941192626953
2024-04-29,Adidas,218.17315673828125
2024-05-06,Adidas,217.59133911132812
2024-05-13,Adidas,222.63150024414062
2024-05-20,Adidas,217.76841735839844
2024-05-27,Adidas,225.16030883789062
2024-06-03,Adidas,224.6739959716797
2024-06-10,Adidas,218.7410430908203
2024-06-17,Adidas,211.8354949951172
2024-06-24,Adidas,216.89308166503906
2024-07-01,Adidas,214.26702880859375
2024-07-08,Adidas,224.8685302734375
2024-07-15,Adidas,220.8808135986328
2024-07-22,Adidas,226.61923217773438
2024-07-29,Adidas,212.71083068847656
2024-08-05,Adidas,208.72312927246094
2024-08-12,Adidas,211.05738830566406
2024-08-19,Adidas,213.19715881347656
2024-08-26,Adidas,225.64662170410156
2024-09-02,Adidas,214.65606689453125
2024-09-09,Adidas,212.51632690429688
2024-09-16,Adidas,211.8354949951172
2024-09-23,Adidas,233.71932983398438
2024-09-30,Adidas,231.6768341064453
2024-10-07,Adidas,227.2028045654297
2024-10-14,Adidas,221.65890502929688
2024-10-21,Adidas,211.05738830566406
2024-10-28,Adidas,216.0177459716797
2024-11-04,Adidas,213.00262451171875
2024-11-11,Adidas,209.11216735839844
2024-11-18,Adidas,208.52859497070312
2024-11-25,Adidas,216.99034118652344
2024-12-02,Adidas,234.9837188720703
2024-12-09,Adidas,233.4275360107422
2024-12-16,Adidas,229.92611694335938
2024-12-23,Adidas,229.53707885742188
2024-12-30,Adidas,227.2028045654297
2025-01-06,Adidas,237.12347412109375
2025-01-13,Adidas,235.0809783935547
2025-01-20,Adidas,247.53045654296875
2025-01-27,Adidas,247.91949462890625
2025-02-03,Adidas,246.65509033203125
2025-02-10,Adidas,251.71267700195312
2025-02-17,Adidas,239.16595458984375
2025-02-24,Adidas,239.45774841308594
2025-03-03,Adidas,229.92611694335938
2025-03-10,Adidas,216.89308166503906
2025-03-17,Adidas,217.9629669189453
2025-03-24,Adidas,215.8231964111328
2025-03-31,Adidas,190.7783660888672
2025-04-07,Adidas,190.48660278320312
2025-04-14,Adidas,193.20989990234375
2025-04-21,Adidas,211.05738830566406
2025-04-28,Adidas,201.03945922851562
2025-05-05,Adidas,203.27647399902344
2025-05-12,Adidas,215.06394958496094
2025-05-19,Adidas,210.05789184570312
2025-05-26,Adidas,215.45657348632812
2025-06-02,Adidas,207.5057830810547
2025-06-09,Adidas,196.3157958984375
2025-06-16,Adidas,191.80052185058594
2025-06-23,Adidas,195.92315673828125
2025-06-30,Adidas,201.51815795898438
2025-07-07,Adidas,204.36473083496094
2025-07-14,Adidas,202.0089569091797
2025-07-21,Adidas,195.28512573242188
2025-07-28,Adidas,164.16908264160156
2025-08-04,Adidas,164.4144744873047
2025-08-11,Adidas,163.13841247558594
2025-08-18,Adidas,168.2917022705078
2025-08-25,Adidas,163.28565979003906
2025-09-01,Adidas,172.4634246826172
2025-09-08,Adidas,173.73947143554688
2025-09-15,Adidas,176.0461883544922
2025-09-22,Adidas,176.9786834716797
2025-09-29,Adidas,184.1442108154297
2025-10-06,Adidas,184.04605102539062
2025-10-13,Adidas,187.87420654296875
2025-10-20,Adidas,183.94789123535156
2025-10-27,Adidas,160.7826385498047
2025-11-03,Adidas,154.64776611328125
2025-11-10,Adidas,158.67222595214844
2025-11-17,Adidas,148.807373046875
2025-11-24,Adidas,157.44525146484375
2025-12-01,Adidas,161.27342224121094
2025-12-08,Adidas,164.4144744873047
2025-12-15,Adidas,162.05868530273438
2025-12-22,Adidas,161.37156677246094
2025-12-29,Adidas,164.31631469726562
2026-01-05,Adidas,163.5801239013672
2026-01-12,Adidas,156.9053955078125
2026-01-19,Adidas,141.1019744873047
2026-01-26,Adidas,146.40249633789062
2026-02-02,Adidas,150.0343475341797
2026-02-09,Adidas,152.0956573486328
2026-02-16,Adidas,155.77658081054688
2026-02-23,Adidas,155.28578186035156
2026-03-02,Adidas,140.07131958007812
2026-03-09,Adidas,136.34130859375
2026-03-16,Adidas,131.04078674316406
2026-03-23,Adidas,129.6175079345703
2026-03-30,Adidas,132.4149932861328
2026-04-06,Adidas,135.26158142089844
2026-04-13,Adidas,143.70315551757812
2026-04-20,Adidas,133.74012756347656
2026-04-27,Adidas,144.6847381591797
2026-05-04,Adidas,146.85000610351562
2026-05-11,Adidas,145.6999969482422
2026-05-18,Adidas,154.5
2026-05-25,Adidas,166.60000610351562
2026-06-01,Adidas,161.4499969482422
2026-06-08,Adidas,176.35000610351562
2026-06-15,Adidas,174.89999389648438
2026-06-22,Adidas,181.6999969482422
2026-06-29,Adidas,185.3000030517578
2026-07-06,Adidas,181.85000610351562
2026-07-13,Adidas,181.10000610351562
2026-07-20,Adidas,173.60000610351562
2026-07-27,Adidas,161.25
2026-08-03,Adidas,164.0500030517578
2026-08-10,Adidas,167.14999389648438
2021-08-09,Ralph Lauren,112.53254699707031
2021-08-16,Ralph Lauren,105.1358642578125
2021-08-23,Ralph Lauren,106.98053741455078
2021-08-30,Ralph Lauren,103.83378601074219
2021-09-06,Ralph Lauren,101.8444595336914
2021-09-13,Ralph Lauren,102.2151870727539
2021-09-20,Ralph Lauren,105.96045684814453
2021-09-27,Ralph Lauren,104.43203735351562
2021-10-04,Ralph Lauren,103.03099822998047
2021-10-11,Ralph Lauren,108.07110595703125
2021-10-18,Ralph Lauren,112.01947784423828
2021-10-25,Ralph Lauren,115.6949234008789
2021-11-01,Ralph Lauren,116.03154754638672
2021-11-08,Ralph Lauren,113.63887786865234
2021-11-15,Ralph Lauren,110.818603515625
2021-11-22,Ralph Lauren,105.924072265625
2021-11-29,Ralph Lauren,105.68751525878906
2021-12-06,Ralph Lauren,111.81023406982422
2021-12-13,Ralph Lauren,104.66856384277344
2021-12-20,Ralph Lauren,102.65189361572266
2021-12-27,Ralph Lauren,108.80332946777344
2022-01-03,Ralph Lauren,108.07100677490234
2022-01-10,Ralph Lauren,105.12345123291016
2022-01-17,Ralph Lauren,99.31986999511719
2022-01-24,Ralph Lauren,100.04306030273438
2022-01-31,Ralph Lauren,108.59278106689453
2022-02-07,Ralph Lauren,111.43965911865234
2022-02-14,Ralph Lauren,115.87015533447266
2022-02-21,Ralph Lauren,122.76300811767578
2022-02-28,Ralph Lauren,106.2310791015625
2022-03-07,Ralph Lauren,98.44110870361328
2022-03-14,Ralph Lauren,111.12840270996094
2022-03-21,Ralph Lauren,107.50346374511719
2022-03-28,Ralph Lauren,103.1163330078125
2022-04-04,Ralph Lauren,97.23316192626953
2022-04-11,Ralph Lauren,99.912353515625
2022-04-18,Ralph Lauren,100.58445739746094
2022-04-25,Ralph Lauren,96.06388854980469
2022-05-02,Ralph Lauren,90.72395324707031
2022-05-09,Ralph Lauren,92.00369262695312
2022-05-16,Ralph Lauren,85.84434509277344
2022-05-23,Ralph Lauren,91.02777862548828
2022-05-30,Ralph Lauren,96.84650421142578
2022-06-06,Ralph Lauren,91.87480163574219
2022-06-13,Ralph Lauren,82.59432220458984
2022-06-20,Ralph Lauren,88.70765686035156
2022-06-27,Ralph Lauren,84.19570922851562
2022-07-04,Ralph Lauren,86.51642608642578
2022-07-11,Ralph Lauren,86.3400650024414
2022-07-18,Ralph Lauren,89.98825073242188
2022-07-25,Ralph Lauren,91.55704498291016
2022-08-01,Ralph Lauren,93.03301239013672
2022-08-08,Ralph Lauren,91.7519760131836
2022-08-15,Ralph Lauren,91.02792358398438
2022-08-22,Ralph Lauren,87.35188293457031
2022-08-29,Ralph Lauren,83.55520629882812
2022-09-05,Ralph Lauren,89.6169204711914
2022-09-12,Ralph Lauren,86.78563690185547
2022-09-19,Ralph Lauren,79.30364227294922
2022-09-26,Ralph Lauren,79.50959777832031
2022-10-03,Ralph Lauren,84.9675064086914
2022-10-10,Ralph Lauren,86.63390350341797
2022-10-17,Ralph Lauren,84.92070770263672
2022-10-24,Ralph Lauren,87.32667541503906
2022-10-31,Ralph Lauren,88.99308013916016
2022-11-07,Ralph Lauren,97.71825408935547
2022-11-14,Ralph Lauren,96.30463409423828
2022-11-21,Ralph Lauren,102.4833984375
2022-11-28,Ralph Lauren,108.18473052978516
2022-12-05,Ralph Lauren,100.64849853515625
2022-12-12,Ralph Lauren,98.4671859741211
2022-12-19,Ralph Lauren,97.69953918457031
2022-12-26,Ralph Lauren,99.65583038330078
2023-01-02,Ralph Lauren,109.36959838867188
2023-01-09,Ralph Lauren,112.0479736328125
2023-01-16,Ralph Lauren,114.16048431396484
2023-01-23,Ralph Lauren,115.8297348022461
2023-01-30,Ralph Lauren,118.72501373291016
2023-02-06,Ralph Lauren,111.48212432861328
2023-02-13,Ralph Lauren,115.78258514404297
2023-02-20,Ralph Lauren,112.17999267578125
2023-02-27,Ralph Lauren,112.12342071533203
2023-03-06,Ralph Lauren,106.87986755371094
2023-03-13,Ralph Lauren,104.6070327758789
2023-03-20,Ralph Lauren,104.76734924316406
2023-03-27,Ralph Lauren,110.74195861816406
2023-04-03,Ralph Lauren,106.3662109375
2023-04-10,Ralph Lauren,113.96919250488281
2023-04-17,Ralph Lauren,109.26123046875
2023-04-24,Ralph Lauren,108.95748138427734
2023-05-01,Ralph Lauren,108.05574798583984
2023-05-08,Ralph Lauren,106.65094757080078
2023-05-15,Ralph Lauren,103.5755844116211
2023-05-22,Ralph Lauren,107.0306396484375
2023-05-29,Ralph Lauren,106.85977935791016
2023-06-05,Ralph Lauren,111.36843872070312
2023-06-12,Ralph Lauren,116.92118835449219
2023-06-19,Ralph Lauren,113.54208374023438
2023-06-26,Ralph Lauren,117.7586669921875
2023-07-03,Ralph Lauren,117.0423583984375
2023-07-10,Ralph Lauren,119.74517822265625
2023-07-17,Ralph Lauren,120.49012756347656
2023-07-24,Ralph Lauren,121.94181823730469
2023-07-31,Ralph Lauren,125.81934356689453
2023-08-07,Ralph Lauren,116.00135803222656
2023-08-14,Ralph Lauren,110.24234008789062
2023-08-21,Ralph Lauren,106.8232421875
2023-08-28,Ralph Lauren,113.01203155517578
2023-09-04,Ralph Lauren,111.69404602050781
2023-09-11,Ralph Lauren,108.74291229248047
2023-09-18,Ralph Lauren,107.10022735595703
2023-09-25,Ralph Lauren,111.59886932373047
2023-10-02,Ralph Lauren,109.26287078857422
2023-10-09,Ralph Lauren,105.33110809326172
2023-10-16,Ralph Lauren,111.31049346923828
2023-10-23,Ralph Lauren,105.5714340209961
2023-10-30,Ralph Lauren,110.71446228027344
2023-11-06,Ralph Lauren,111.1470718383789
2023-11-13,Ralph Lauren,117.0398941040039
2023-11-20,Ralph Lauren,119.72197723388672
2023-11-27,Ralph Lauren,128.46031188964844
2023-12-04,Ralph Lauren,126.66265869140625
2023-12-11,Ralph Lauren,135.59326171875
2023-12-18,Ralph Lauren,139.84228515625
2023-12-25,Ralph Lauren,139.33897399902344
2024-01-01,Ralph Lauren,138.1021270751953
2024-01-08,Ralph Lauren,133.36732482910156
2024-01-15,Ralph Lauren,133.43495178222656
2024-01-22,Ralph Lauren,139.2423553466797
2024-01-29,Ralph Lauren,142.7886505126953
2024-02-05,Ralph Lauren,169.11036682128906
2024-02-12,Ralph Lauren,174.75350952148438
2024-02-19,Ralph Lauren,182.08766174316406
2024-02-26,Ralph Lauren,178.75396728515625
2024-03-04,Ralph Lauren,170.09597778320312
2024-03-11,Ralph Lauren,175.4782257080078
2024-03-18,Ralph Lauren,181.27597045898438
2024-03-25,Ralph Lauren,182.1776580810547
2024-04-01,Ralph Lauren,166.8376922607422
2024-04-08,Ralph Lauren,155.5243682861328
2024-04-15,Ralph Lauren,153.748779296875
2024-04-22,Ralph Lauren,161.53033447265625
2024-04-29,Ralph Lauren,161.68557739257812
2024-05-06,Ralph Lauren,162.18038940429688
2024-05-13,Ralph Lauren,162.88870239257812
2024-05-20,Ralph Lauren,168.2930908203125
2024-05-27,Ralph Lauren,181.32382202148438
2024-06-03,Ralph Lauren,176.36573791503906
2024-06-10,Ralph Lauren,174.33787536621094
2024-06-17,Ralph Lauren,177.18077087402344
2024-06-24,Ralph Lauren,170.65576171875
2024-07-01,Ralph Lauren,164.42654418945312
2024-07-08,Ralph Lauren,177.01174926757812
2024-07-15,Ralph Lauren,161.15106201171875
2024-07-22,Ralph Lauren,163.87088012695312
2024-07-29,Ralph Lauren,160.26394653320312
2024-08-05,Ralph Lauren,158.080322265625
2024-08-12,Ralph Lauren,159.1721649169922
2024-08-19,Ralph Lauren,170.18783569335938
2024-08-26,Ralph Lauren,166.9513702392578
2024-09-02,Ralph Lauren,168.5013885498047
2024-09-09,Ralph Lauren,174.1457061767578
2024-09-16,Ralph Lauren,180.64788818359375
2024-09-23,Ralph Lauren,192.38880920410156
2024-09-30,Ralph Lauren,192.03639221191406
2024-10-07,Ralph Lauren,197.6358642578125
2024-10-14,Ralph Lauren,201.8942413330078
2024-10-21,Ralph Lauren,193.4264678955078
2024-10-28,Ralph Lauren,193.4950408935547
2024-11-04,Ralph Lauren,217.88990783691406
2024-11-11,Ralph Lauren,203.9891357421875
2024-11-18,Ralph Lauren,207.6796875
2024-11-25,Ralph Lauren,226.5240478515625
2024-12-02,Ralph Lauren,225.87796020507812
2024-12-09,Ralph Lauren,222.6573028564453
2024-12-16,Ralph Lauren,225.4276580810547
2024-12-23,Ralph Lauren,225.51284790039062
2024-12-30,Ralph Lauren,230.365966796875
2025-01-06,Ralph Lauren,233.16583251953125
2025-01-13,Ralph Lauren,236.23095703125
2025-01-20,Ralph Lauren,251.49765014648438
2025-01-27,Ralph Lauren,245.3084716796875
2025-02-03,Ralph Lauren,264.21990966796875
2025-02-10,Ralph Lauren,277.6593017578125
2025-02-17,Ralph Lauren,272.7963562011719
2025-02-24,Ralph Lauren,266.37139892578125
2025-03-03,Ralph Lauren,228.53866577148438
2025-03-10,Ralph Lauren,216.4353485107422
2025-03-17,Ralph Lauren,220.08990478515625
2025-03-24,Ralph Lauren,212.66598510742188
2025-03-31,Ralph Lauren,194.85838317871094
2025-04-07,Ralph Lauren,195.1541748046875
2025-04-14,Ralph Lauren,203.61428833007812
2025-04-21,Ralph Lauren,216.8861846923828
2025-04-28,Ralph Lauren,229.37913513183594
2025-05-05,Ralph Lauren,245.26400756835938
2025-05-12,Ralph Lauren,270.693603515625
2025-05-19,Ralph Lauren,270.2498474121094
2025-05-26,Ralph Lauren,272.9417724609375
2025-06-02,Ralph Lauren,270.9598083496094
2025-06-09,Ralph Lauren,256.57373046875
2025-06-16,Ralph Lauren,260.468505859375
2025-06-23,Ralph Lauren,273.40087890625
2025-06-30,Ralph Lauren,276.823974609375
2025-07-07,Ralph Lauren,283.9272766113281
2025-07-14,Ralph Lauren,286.400634765625
2025-07-21,Ralph Lauren,295.04736328125
2025-07-28,Ralph Lauren,290.63494873046875
2025-08-04,Ralph Lauren,285.18377685546875
2025-08-11,Ralph Lauren,287.5086669921875
2025-08-18,Ralph Lauren,282.75
2025-08-25,Ralph Lauren,293.76123046875
2025-09-01,Ralph Lauren,308.690185546875
2025-09-08,Ralph Lauren,311.7769470214844
2025-09-15,Ralph Lauren,309.11566162109375
2025-09-22,Ralph Lauren,309.5738525390625
2025-09-29,Ralph Lauren,319.3382873535156
2025-10-06,Ralph Lauren,307.0434875488281
2025-10-13,Ralph Lauren,325.24261474609375
2025-10-20,Ralph Lauren,333.0918884277344
2025-10-27,Ralph Lauren,317.204833984375
2025-11-03,Ralph Lauren,322.18621826171875
2025-11-10,Ralph Lauren,328.93408203125
2025-11-17,Ralph Lauren,337.26953125
2025-11-24,Ralph Lauren,364.5086669921875
2025-12-01,Ralph Lauren,365.59033203125
2025-12-08,Ralph Lauren,367.3764953613281
2025-12-15,Ralph Lauren,359.74554443359375
2025-12-22,Ralph Lauren,356.25921630859375
2025-12-29,Ralph Lauren,360.6563720703125
2026-01-05,Ralph Lauren,367.89874267578125
2026-01-12,Ralph Lauren,361.1736755371094
2026-01-19,Ralph Lauren,365.4713439941406
2026-01-26,Ralph Lauren,351.58349609375
2026-02-02,Ralph Lauren,341.1178894042969
2026-02-09,Ralph Lauren,367.27197265625
2026-02-16,Ralph Lauren,383.04010009765625
2026-02-23,Ralph Lauren,360.72601318359375
2026-03-02,Ralph Lauren,336.61126708984375
2026-03-09,Ralph Lauren,329.020751953125
2026-03-16,Ralph Lauren,328.1651611328125
2026-03-23,Ralph Lauren,327.0206604003906
2026-03-30,Ralph Lauren,347.17138671875
2026-04-06,Ralph Lauren,378.9437255859375
2026-04-13,Ralph Lauren,385.9366455078125
2026-04-20,Ralph Lauren,370.33477783203125
2026-04-27,Ralph Lauren,361.3267822265625
2026-05-04,Ralph Lauren,357.57598876953125
2026-05-11,Ralph Lauren,326.01312255859375
2026-05-18,Ralph Lauren,376.85882568359375
2026-05-25,Ralph Lauren,363.0126647949219
2026-06-01,Ralph Lauren,365.6562194824219
2026-06-08,Ralph Lauren,402.9949645996094
2026-06-15,Ralph Lauren,412.0029296875
2026-06-22,Ralph Lauren,411.1600036621094
2026-06-29,Ralph Lauren,398.2200012207031
2026-07-06,Ralph Lauren,394.8999938964844
2026-07-13,Ralph Lauren,380.45001220703125
2026-07-20,Ralph Lauren,373.5799865722656
2026-07-27,Ralph Lauren,380.3399963378906
2026-08-03,Ralph Lauren,395.5299987792969
2026-08-10,Ralph Lauren,406.8900146484375
2021-08-09,Capri Holdings,59.2400016784668
2021-08-16,Capri Holdings,54.33000183105469
2021-08-23,Capri Holdings,58.38999938964844
2021-08-30,Capri Holdings,56.709999084472656
2021-09-06,Capri Holdings,54.04999923706055
2021-09-13,Capri Holdings,52.63999938964844
2021-09-20,Capri Holdings,52.560001373291016
2021-09-27,Capri Holdings,49.83000183105469
2021-10-04,Capri Holdings,49.709999084472656
2021-10-11,Capri Holdings,52.45000076293945
2021-10-18,Capri Holdings,52.4900016784668
2021-10-25,Capri Holdings,53.2400016784668
2021-11-01,Capri Holdings,65.30999755859375
2021-11-08,Capri Holdings,63.34000015258789
2021-11-15,Capri Holdings,62.59000015258789
2021-11-22,Capri Holdings,61.54999923706055
2021-11-29,Capri Holdings,61.5
2021-12-06,Capri Holdings,65.58000183105469
2021-12-13,Capri Holdings,61.470001220703125
2021-12-20,Capri Holdings,61.689998626708984
2021-12-27,Capri Holdings,64.91000366210938
2022-01-03,Capri Holdings,61.84000015258789
2022-01-10,Capri Holdings,58.06999969482422
2022-01-17,Capri Holdings,53.61000061035156
2022-01-24,Capri Holdings,57.06999969482422
2022-01-31,Capri Holdings,65.1500015258789
2022-02-07,Capri Holdings,67.12000274658203
2022-02-14,Capri Holdings,67.80999755859375
2022-02-21,Capri Holdings,68.97000122070312
2022-02-28,Capri Holdings,54.540000915527344
2022-03-07,Capri Holdings,49.31999969482422
2022-03-14,Capri Holdings,55.560001373291016
2022-03-21,Capri Holdings,53.880001068115234
2022-03-28,Capri Holdings,50.9900016784668
2022-04-04,Capri Holdings,47.86000061035156
2022-04-11,Capri Holdings,49.79999923706055
2022-04-18,Capri Holdings,48.540000915527344
2022-04-25,Capri Holdings,47.70000076293945
2022-05-02,Capri Holdings,44.119998931884766
2022-05-09,Capri Holdings,43.0
2022-05-16,Capri Holdings,41.68000030517578
2022-05-23,Capri Holdings,47.56999969482422
2022-05-30,Capri Holdings,49.70000076293945
2022-06-06,Capri Holdings,48.25
2022-06-13,Capri Holdings,45.0
2022-06-20,Capri Holdings,46.02000045776367
2022-06-27,Capri Holdings,41.22999954223633
2022-07-04,Capri Holdings,43.040000915527344
2022-07-11,Capri Holdings,42.709999084472656
2022-07-18,Capri Holdings,47.72999954223633
2022-07-25,Capri Holdings,48.68000030517578
2022-08-01,Capri Holdings,49.599998474121094
2022-08-08,Capri Holdings,51.599998474121094
2022-08-15,Capri Holdings,51.900001525878906
2022-08-22,Capri Holdings,49.38999938964844
2022-08-29,Capri Holdings,47.790000915527344
2022-09-05,Capri Holdings,49.77000045776367
2022-09-12,Capri Holdings,44.4900016784668
2022-09-19,Capri Holdings,40.189998626708984
2022-09-26,Capri Holdings,38.439998626708984
2022-10-03,Capri Holdings,42.0
2022-10-10,Capri Holdings,41.189998626708984
2022-10-17,Capri Holdings,43.9900016784668
2022-10-24,Capri Holdings,46.130001068115234
2022-10-31,Capri Holdings,47.650001525878906
2022-11-07,Capri Holdings,53.7599983215332
2022-11-14,Capri Holdings,52.58000183105469
2022-11-21,Capri Holdings,53.29999923706055
2022-11-28,Capri Holdings,59.08000183105469
2022-12-05,Capri Holdings,57.0099983215332
2022-12-12,Capri Holdings,57.369998931884766
2022-12-19,Capri Holdings,55.70000076293945
2022-12-26,Capri Holdings,57.31999969482422
2023-01-02,Capri Holdings,61.400001525878906
2023-01-09,Capri Holdings,64.2300033569336
2023-01-16,Capri Holdings,63.16999816894531
2023-01-23,Capri Holdings,64.63999938964844
2023-01-30,Capri Holdings,67.95999908447266
2023-02-06,Capri Holdings,49.849998474121094
2023-02-13,Capri Holdings,50.31999969482422
2023-02-20,Capri Holdings,50.209999084472656
2023-02-27,Capri Holdings,49.779998779296875
2023-03-06,Capri Holdings,42.880001068115234
2023-03-13,Capri Holdings,42.40999984741211
2023-03-20,Capri Holdings,43.40999984741211
2023-03-27,Capri Holdings,47.0
2023-04-03,Capri Holdings,42.880001068115234
2023-04-10,Capri Holdings,44.5
2023-04-17,Capri Holdings,45.33000183105469
2023-04-24,Capri Holdings,41.5
2023-05-01,Capri Holdings,38.310001373291016
2023-05-08,Capri Holdings,39.220001220703125
2023-05-15,Capri Holdings,39.540000915527344
2023-05-22,Capri Holdings,39.970001220703125
2023-05-29,Capri Holdings,36.099998474121094
2023-06-05,Capri Holdings,37.0
2023-06-12,Capri Holdings,36.93000030517578
2023-06-19,Capri Holdings,35.810001373291016
2023-06-26,Capri Holdings,35.88999938964844
2023-07-03,Capri Holdings,35.06999969482422
2023-07-10,Capri Holdings,35.2599983215332
2023-07-17,Capri Holdings,35.83000183105469
2023-07-24,Capri Holdings,37.06999969482422
2023-07-31,Capri Holdings,35.5099983215332
2023-08-07,Capri Holdings,53.13999938964844
2023-08-14,Capri Holdings,52.02000045776367
2023-08-21,Capri Holdings,52.029998779296875
2023-08-28,Capri Holdings,52.7599983215332
2023-09-04,Capri Holdings,52.779998779296875
2023-09-11,Capri Holdings,52.189998626708984
2023-09-18,Capri Holdings,52.36000061035156
2023-09-25,Capri Holdings,52.61000061035156
2023-10-02,Capri Holdings,51.56999969482422
2023-10-09,Capri Holdings,51.599998474121094
2023-10-16,Capri Holdings,51.060001373291016
2023-10-23,Capri Holdings,50.93000030517578
2023-10-30,Capri Holdings,51.04999923706055
2023-11-06,Capri Holdings,47.11000061035156
2023-11-13,Capri Holdings,48.36000061035156
2023-11-20,Capri Holdings,49.25
2023-11-27,Capri Holdings,48.41999816894531
2023-12-04,Capri Holdings,48.439998626708984
2023-12-11,Capri Holdings,49.279998779296875
2023-12-18,Capri Holdings,50.08000183105469
2023-12-25,Capri Holdings,50.2400016784668
2024-01-01,Capri Holdings,50.689998626708984
2024-01-08,Capri Holdings,50.65999984741211
2024-01-15,Capri Holdings,50.220001220703125
2024-01-22,Capri Holdings,48.709999084472656
2024-01-29,Capri Holdings,47.56999969482422
2024-02-05,Capri Holdings,46.83000183105469
2024-02-12,Capri Holdings,47.31999969482422
2024-02-19,Capri Holdings,46.369998931884766
2024-02-26,Capri Holdings,45.810001373291016
2024-03-04,Capri Holdings,46.790000915527344
2024-03-11,Capri Holdings,46.81999969482422
2024-03-18,Capri Holdings,45.290000915527344
2024-03-25,Capri Holdings,45.29999923706055
2024-04-01,Capri Holdings,43.75
2024-04-08,Capri Holdings,39.310001373291016
2024-04-15,Capri Holdings,38.529998779296875
2024-04-22,Capri Holdings,35.540000915527344
2024-04-29,Capri Holdings,35.68000030517578
2024-05-06,Capri Holdings,36.119998931884766
2024-05-13,Capri Holdings,35.95000076293945
2024-05-20,Capri Holdings,34.630001068115234
2024-05-27,Capri Holdings,34.54999923706055
2024-06-03,Capri Holdings,33.900001525878906
2024-06-10,Capri Holdings,31.700000762939453
2024-06-17,Capri Holdings,31.299999237060547
2024-06-24,Capri Holdings,33.08000183105469
2024-07-01,Capri Holdings,33.38999938964844
2024-07-08,Capri Holdings,35.810001373291016
2024-07-15,Capri Holdings,33.68000030517578
2024-07-22,Capri Holdings,33.75
2024-07-29,Capri Holdings,33.20000076293945
2024-08-05,Capri Holdings,30.540000915527344
2024-08-12,Capri Holdings,32.470001220703125
2024-08-19,Capri Holdings,35.779998779296875
2024-08-26,Capri Holdings,35.720001220703125
2024-09-02,Capri Holdings,34.77000045776367
2024-09-09,Capri Holdings,38.220001220703125
2024-09-16,Capri Holdings,38.290000915527344
2024-09-23,Capri Holdings,39.470001220703125
2024-09-30,Capri Holdings,42.279998779296875
2024-10-07,Capri Holdings,42.97999954223633
2024-10-14,Capri Holdings,41.97999954223633
2024-10-21,Capri Holdings,21.260000228881836
2024-10-28,Capri Holdings,20.100000381469727
2024-11-04,Capri Holdings,20.520000457763672
2024-11-11,Capri Holdings,21.0
2024-11-18,Capri Holdings,20.479999542236328
2024-11-25,Capri Holdings,23.40999984741211
2024-12-02,Capri Holdings,22.290000915527344
2024-12-09,Capri Holdings,21.360000610351562
2024-12-16,Capri Holdings,21.100000381469727
2024-12-23,Capri Holdings,20.959999084472656
2024-12-30,Capri Holdings,20.280000686645508
2025-01-06,Capri Holdings,23.709999084472656
2025-01-13,Capri Holdings,23.81999969482422
2025-01-20,Capri Holdings,24.93000030517578
2025-01-27,Capri Holdings,24.780000686645508
2025-02-03,Capri Holdings,21.690000534057617
2025-02-10,Capri Holdings,22.459999084472656
2025-02-17,Capri Holdings,21.299999237060547
2025-02-24,Capri Holdings,21.979999542236328
2025-03-03,Capri Holdings,20.8799991607666
2025-03-10,Capri Holdings,21.489999771118164
2025-03-17,Capri Holdings,20.209999084472656
2025-03-24,Capri Holdings,20.299999237060547
2025-03-31,Capri Holdings,14.520000457763672
2025-04-07,Capri Holdings,14.649999618530273
2025-04-14,Capri Holdings,13.6899995803833
2025-04-21,Capri Holdings,14.869999885559082
2025-04-28,Capri Holdings,15.550000190734863
2025-05-05,Capri Holdings,16.8799991607666
2025-05-12,Capri Holdings,18.56999969482422
2025-05-19,Capri Holdings,16.799999237060547
2025-05-26,Capri Holdings,18.1200008392334
2025-06-02,Capri Holdings,17.0
2025-06-09,Capri Holdings,16.540000915527344
2025-06-16,Capri Holdings,16.81999969482422
2025-06-23,Capri Holdings,17.579999923706055
2025-06-30,Capri Holdings,18.139999389648438
2025-07-07,Capri Holdings,19.25
2025-07-14,Capri Holdings,19.56999969482422
2025-07-21,Capri Holdings,19.65999984741211
2025-07-28,Capri Holdings,16.989999771118164
2025-08-04,Capri Holdings,19.700000762939453
2025-08-11,Capri Holdings,20.940000534057617
2025-08-18,Capri Holdings,21.489999771118164
2025-08-25,Capri Holdings,20.59000015258789
2025-09-01,Capri Holdings,21.280000686645508
2025-09-08,Capri Holdings,20.450000762939453
2025-09-15,Capri Holdings,20.5
2025-09-22,Capri Holdings,19.860000610351562
2025-09-29,Capri Holdings,21.520000457763672
2025-10-06,Capri Holdings,19.110000610351562
2025-10-13,Capri Holdings,21.18000030517578
2025-10-20,Capri Holdings,22.270000457763672
2025-10-27,Capri Holdings,20.75
2025-11-03,Capri Holdings,22.110000610351562
2025-11-10,Capri Holdings,21.700000762939453
2025-11-17,Capri Holdings,23.889999389648438
2025-11-24,Capri Holdings,25.3700008392334
2025-12-01,Capri Holdings,27.040000915527344
2025-12-08,Capri Holdings,26.030000686645508
2025-12-15,Capri Holdings,25.25
2025-12-22,Capri Holdings,24.989999771118164
2025-12-29,Capri Holdings,24.389999389648438
2026-01-05,Capri Holdings,26.1200008392334
2026-01-12,Capri Holdings,24.84000015258789
2026-01-19,Capri Holdings,24.670000076293945
2026-01-26,Capri Holdings,22.56999969482422
2026-02-02,Capri Holdings,20.18000030517578
2026-02-09,Capri Holdings,20.420000076293945
2026-02-16,Capri Holdings,22.149999618530273
2026-02-23,Capri Holdings,20.510000228881836
2026-03-02,Capri Holdings,17.950000762939453
2026-03-09,Capri Holdings,18.579999923706055
2026-03-16,Capri Holdings,18.09000015258789
2026-03-23,Capri Holdings,17.270000457763672
2026-03-30,Capri Holdings,17.959999084472656
2026-04-06,Capri Holdings,19.8799991607666
2026-04-13,Capri Holdings,20.899999618530273
2026-04-20,Capri Holdings,20.6299991607666
2026-04-27,Capri Holdings,19.6299991607666
2026-05-04,Capri Holdings,18.530000686645508
2026-05-11,Capri Holdings,17.260000228881836
2026-05-18,Capri Holdings,18.479999542236328
2026-05-25,Capri Holdings,18.510000228881836
2026-06-01,Capri Holdings,18.8700008392334
2026-06-08,Capri Holdings,21.329999923706055
2026-06-15,Capri Holdings,20.31999969482422
2026-06-22,Capri Holdings,19.3799991607666
2026-06-29,Capri Holdings,18.959999084472656
2026-07-06,Capri Holdings,18.040000915527344
2026-07-13,Capri Holdings,16.3799991607666
2026-07-20,Capri Holdings,15.4399995803833
2026-07-27,Capri Holdings,15.930000305175781
2026-08-03,Capri Holdings,15.3100004196167
2026-08-10,Capri Holdings,15.430000305175781
2021-08-09,Tapestry,38.85247039794922
2021-08-16,Tapestry,35.64624786376953
2021-08-23,Tapestry,37.46457290649414
2021-08-30,Tapestry,35.85814666748047
2021-09-06,Tapestry,35.76976776123047
2021-09-13,Tapestry,35.70789337158203
2021-09-20,Tapestry,34.8770637512207
2021-09-27,Tapestry,33.60430908203125
2021-10-04,Tapestry,33.020957946777344
2021-10-11,Tapestry,34.647254943847656
2021-10-18,Tapestry,34.134620666503906
2021-10-25,Tapestry,34.452816009521484
2021-11-01,Tapestry,37.57283401489258
2021-11-08,Tapestry,40.24208450317383
2021-11-15,Tapestry,40.64866638183594
2021-11-22,Tapestry,36.94529342651367
2021-11-29,Tapestry,36.312599182128906
2021-12-06,Tapestry,38.45648956298828
2021-12-13,Tapestry,36.70402145385742
2021-12-20,Tapestry,36.70402145385742
2021-12-27,Tapestry,36.116905212402344
2022-01-03,Tapestry,34.99602508544922
2022-01-10,Tapestry,34.133140563964844
2022-01-17,Tapestry,32.51409912109375
2022-01-24,Tapestry,33.47484588623047
2022-01-31,Tapestry,34.22209930419922
2022-02-07,Tapestry,34.85369873046875
2022-02-14,Tapestry,35.11167526245117
2022-02-21,Tapestry,36.25922393798828
2022-02-28,Tapestry,32.622379302978516
2022-03-07,Tapestry,30.742902755737305
2022-03-14,Tapestry,34.37656021118164
2022-03-21,Tapestry,34.412357330322266
2022-03-28,Tapestry,32.318084716796875
2022-04-04,Tapestry,29.75840950012207
2022-04-11,Tapestry,30.196956634521484
2022-04-18,Tapestry,29.498859405517578
2022-04-25,Tapestry,29.463062286376953
2022-05-02,Tapestry,27.153987884521484
2022-05-09,Tapestry,28.201128005981445
2022-05-16,Tapestry,28.111631393432617
2022-05-23,Tapestry,30.73394203186035
2022-05-30,Tapestry,31.44752311706543
2022-06-06,Tapestry,29.482051849365234
2022-06-13,Tapestry,28.94110107421875
2022-06-20,Tapestry,30.050058364868164
2022-06-27,Tapestry,27.787063598632812
2022-07-04,Tapestry,28.68865394592285
2022-07-11,Tapestry,27.769031524658203
2022-07-18,Tapestry,30.60904884338379
2022-07-25,Tapestry,30.320537567138672
2022-08-01,Tapestry,30.726255416870117
2022-08-08,Tapestry,32.17781448364258
2022-08-15,Tapestry,33.20563507080078
2022-08-22,Tapestry,31.871274948120117
2022-08-29,Tapestry,31.13197135925293
2022-09-05,Tapestry,32.30562973022461
2022-09-12,Tapestry,29.604394912719727
2022-09-19,Tapestry,26.975927352905273
2022-09-26,Tapestry,25.857236862182617
2022-10-03,Tapestry,28.6312255859375
2022-10-10,Tapestry,27.53072166442871
2022-10-17,Tapestry,28.440231323242188
2022-10-24,Tapestry,29.049596786499023
2022-10-31,Tapestry,29.52253532409668
2022-11-07,Tapestry,32.1692008972168
2022-11-14,Tapestry,31.823589324951172
2022-11-21,Tapestry,33.71535873413086
2022-11-28,Tapestry,35.29790496826172
2022-12-05,Tapestry,33.36929702758789
2022-12-12,Tapestry,33.56186294555664
2022-12-19,Tapestry,34.31378936767578
2022-12-26,Tapestry,34.91901779174805
2023-01-02,Tapestry,37.64247131347656
2023-01-09,Tapestry,39.7790641784668
2023-01-16,Tapestry,40.081668853759766
2023-01-23,Tapestry,40.457637786865234
2023-01-30,Tapestry,42.28245162963867
2023-02-06,Tapestry,40.75107955932617
2023-02-13,Tapestry,40.44846725463867
2023-02-20,Tapestry,39.063812255859375
2023-02-27,Tapestry,40.77857971191406
2023-03-06,Tapestry,38.19240188598633
2023-03-13,Tapestry,37.767635345458984
2023-03-20,Tapestry,37.16740417480469
2023-03-27,Tapestry,39.80837631225586
2023-04-03,Tapestry,37.05659866333008
2023-04-10,Tapestry,38.90342712402344
2023-04-17,Tapestry,38.67257308959961
2023-04-24,Tapestry,37.68452453613281
2023-05-01,Tapestry,35.98544692993164
2023-05-08,Tapestry,38.026187896728516
2023-05-15,Tapestry,39.7067985534668
2023-05-22,Tapestry,38.497127532958984
2023-05-29,Tapestry,39.15275192260742
2023-06-05,Tapestry,39.6955680847168
2023-06-12,Tapestry,40.32786560058594
2023-06-19,Tapestry,39.9001350402832
2023-06-26,Tapestry,39.797847747802734
2023-07-03,Tapestry,39.60258102416992
2023-07-10,Tapestry,40.59752655029297
2023-07-17,Tapestry,38.63552474975586
2023-07-24,Tapestry,39.99311828613281
2023-07-31,Tapestry,39.12835693359375
2023-08-07,Tapestry,32.656551361083984
2023-08-14,Tapestry,32.16373062133789
2023-08-21,Tapestry,30.675960540771484
2023-08-28,Tapestry,31.336156845092773
2023-09-04,Tapestry,29.97493553161621
2023-09-11,Tapestry,29.128976821899414
2023-09-18,Tapestry,27.098691940307617
2023-09-25,Tapestry,27.02349853515625
2023-10-02,Tapestry,26.497127532958984
2023-10-09,Tapestry,25.93316078186035
2023-10-16,Tapestry,26.431331634521484
2023-10-23,Tapestry,25.94255828857422
2023-10-30,Tapestry,26.262142181396484
2023-11-06,Tapestry,26.431331634521484
2023-11-13,Tapestry,28.565011978149414
2023-11-20,Tapestry,28.743602752685547
2023-11-27,Tapestry,30.736289978027344
2023-12-04,Tapestry,31.859437942504883
2023-12-11,Tapestry,34.28239822387695
2023-12-18,Tapestry,35.204071044921875
2023-12-25,Tapestry,34.97602462768555
2024-01-01,Tapestry,35.470123291015625
2024-01-08,Tapestry,34.529441833496094
2024-01-15,Tapestry,34.81449508666992
2024-01-22,Tapestry,37.028411865234375
2024-01-29,Tapestry,38.01658630371094
2024-02-05,Tapestry,39.907447814941406
2024-02-12,Tapestry,43.622642517089844
2024-02-19,Tapestry,46.131107330322266
2024-02-26,Tapestry,44.867374420166016
2024-03-04,Tapestry,45.07004928588867
2024-03-11,Tapestry,44.84028625488281
2024-03-18,Tapestry,44.945594787597656
2024-03-25,Tapestry,45.45296859741211
2024-04-01,Tapestry,41.09722137451172
2024-04-08,Tapestry,39.38364028930664
2024-04-15,Tapestry,38.885841369628906
2024-04-22,Tapestry,38.34016799926758
2024-04-29,Tapestry,37.56475067138672
2024-05-06,Tapestry,38.359317779541016
2024-05-13,Tapestry,40.513267517089844
2024-05-20,Tapestry,40.494110107421875
2024-05-27,Tapestry,41.63330841064453
2024-06-03,Tapestry,41.86445999145508
2024-06-10,Tapestry,40.34931182861328
2024-06-17,Tapestry,40.185245513916016
2024-06-24,Tapestry,41.295074462890625
2024-07-01,Tapestry,38.73765563964844
2024-07-08,Tapestry,42.366294860839844
2024-07-15,Tapestry,39.78957748413086
2024-07-22,Tapestry,39.393898010253906
2024-07-29,Tapestry,36.79787826538086
2024-08-05,Tapestry,36.89438247680664
2024-08-12,Tapestry,38.98857116699219
2024-08-19,Tapestry,40.204551696777344
2024-08-26,Tapestry,39.53865432739258
2024-09-02,Tapestry,39.28239059448242
2024-09-09,Tapestry,41.61830520629883
2024-09-16,Tapestry,41.43337631225586
2024-09-23,Tapestry,46.65999984741211
2024-09-30,Tapestry,45.25844955444336
2024-10-07,Tapestry,44.0612907409668
2024-10-14,Tapestry,43.944496154785156
2024-10-21,Tapestry,49.14191436767578
2024-10-28,Tapestry,45.715904235839844
2024-11-04,Tapestry,50.82572555541992
2024-11-11,Tapestry,55.70195770263672
2024-11-18,Tapestry,57.34683609008789
2024-11-25,Tapestry,60.617122650146484
2024-12-02,Tapestry,60.9233512878418
2024-12-09,Tapestry,61.85310745239258
2024-12-16,Tapestry,62.78286361694336
2024-12-23,Tapestry,64.46621704101562
2024-12-30,Tapestry,65.34703063964844
2025-01-06,Tapestry,65.71892547607422
2025-01-13,Tapestry,69.86856842041016
2025-01-20,Tapestry,73.05908966064453
2025-01-27,Tapestry,71.38553619384766
2025-02-03,Tapestry,78.66697692871094
2025-02-10,Tapestry,85.83097076416016
2025-02-17,Tapestry,82.78723907470703
2025-02-24,Tapestry,83.59956359863281
2025-03-03,Tapestry,73.64043426513672
2025-03-10,Tapestry,69.25660705566406
2025-03-17,Tapestry,71.8711929321289
2025-03-24,Tapestry,69.05020141601562
2025-03-31,Tapestry,61.86504364013672
2025-04-07,Tapestry,62.31719207763672
2025-04-14,Tapestry,62.55308532714844
2025-04-21,Tapestry,67.7035903930664
2025-04-28,Tapestry,71.51732635498047
2025-05-05,Tapestry,76.67765808105469
2025-05-12,Tapestry,81.40550994873047
2025-05-19,Tapestry,75.55713653564453
2025-05-26,Tapestry,77.20843505859375
2025-06-02,Tapestry,77.94597625732422
2025-06-09,Tapestry,77.90648651123047
2025-06-16,Tapestry,83.25755310058594
2025-06-23,Tapestry,86.00220489501953
2025-06-30,Tapestry,89.05290985107422
2025-07-07,Tapestry,97.1782455444336
2025-07-14,Tapestry,102.10478210449219
2025-07-21,Tapestry,106.96221160888672
2025-07-28,Tapestry,104.95803833007812
2025-08-04,Tapestry,107.70268249511719
2025-08-11,Tapestry,99.45886993408203
2025-08-18,Tapestry,98.39261627197266
2025-08-25,Tapestry,100.52513885498047
2025-09-01,Tapestry,103.24539947509766
2025-09-08,Tapestry,105.51485443115234
2025-09-15,Tapestry,113.16559600830078
2025-09-22,Tapestry,108.07170867919922
2025-09-29,Tapestry,113.88904571533203
2025-10-06,Tapestry,107.24915313720703
2025-10-13,Tapestry,115.77200317382812
2025-10-20,Tapestry,113.68092346191406
2025-10-27,Tapestry,108.83480072021484
2025-11-03,Tapestry,102.7498779296875
2025-11-10,Tapestry,100.50025177001953
2025-11-17,Tapestry,104.29588317871094
2025-11-24,Tapestry,108.29964447021484
2025-12-01,Tapestry,115.65874481201172
2025-12-08,Tapestry,122.53064727783203
2025-12-15,Tapestry,124.72845458984375
2025-12-22,Tapestry,130.5760498046875
2025-12-29,Tapestry,128.35833740234375
2026-01-05,Tapestry,133.60922241210938
2026-01-12,Tapestry,129.96939086914062
2026-01-19,Tapestry,129.32298278808594
2026-01-26,Tapestry,126.21025085449219
2026-02-02,Tapestry,151.2613525390625
2026-02-09,Tapestry,152.9519805908203
2026-02-16,Tapestry,156.2238311767578
2026-02-23,Tapestry,154.61276245117188
2026-03-02,Tapestry,143.73951721191406
2026-03-09,Tapestry,141.6953582763672
2026-03-16,Tapestry,140.4788360595703
2026-03-23,Tapestry,138.44464111328125
2026-03-30,Tapestry,140.79791259765625
2026-04-06,Tapestry,149.87200927734375
2026-04-13,Tapestry,155.4062042236328
2026-04-20,Tapestry,145.4745635986328
2026-04-27,Tapestry,142.3335418701172
2026-05-04,Tapestry,133.0998992919922
2026-05-11,Tapestry,128.95175170898438
2026-05-18,Tapestry,138.09564208984375
2026-05-25,Tapestry,145.04579162597656
2026-06-01,Tapestry,140.10000610351562
2026-06-08,Tapestry,147.4199981689453
2026-06-15,Tapestry,143.5
2026-06-22,Tapestry,146.0
2026-06-29,Tapestry,144.2100067138672
2026-07-06,Tapestry,140.72999572753906
2026-07-13,Tapestry,141.4600067138672
2026-07-20,Tapestry,142.60000610351562
2026-07-27,Tapestry,152.3699951171875
2026-08-03,Tapestry,162.36000061035156
2026-08-10,Tapestry,164.77999877929688
